name,now_cost,net_delta_per_hr,rise_progress,timestamp,type,drop_progress
David Raya Martín,5.5,0.0,0.0,2025-09-17 21:19:31,riser,
Kepa Arrizabalaga Revuelta,4.4,0.0,0.0,2025-09-17 21:19:31,riser,
Karl Hein,4.0,0.0,0.0,2025-09-17 21:19:31,riser,
Tommy Setford,4.0,0.0,0.0,2025-09-17 21:19:31,riser,
Gabriel dos Santos Magalhães,6.1,0.0,0.0,2025-09-17 21:19:31,riser,
William Saliba,6.0,0.0,0.0,2025-09-17 21:19:31,riser,
Riccardo Calafiori,5.7,0.0,0.0,2025-09-17 21:19:31,riser,
Jurriën Timber,5.7,0.0,0.0,2025-09-17 21:19:31,riser,
Jakub Kiwior,5.4,0.0,0.0,2025-09-17 21:19:31,riser,
Myles Lewis-Skelly,5.3,0.0,0.0,2025-09-17 21:19:31,riser,
David Raya Martín,5.5,0.0,,2025-09-17 21:19:31,faller,-0.0
Kepa Arrizabalaga Revuelta,4.4,0.0,,2025-09-17 21:19:31,faller,-0.0
Karl Hein,4.0,0.0,,2025-09-17 21:19:31,faller,-0.0
Tommy Setford,4.0,0.0,,2025-09-17 21:19:31,faller,-0.0
Gabriel dos Santos Magalhães,6.1,0.0,,2025-09-17 21:19:31,faller,-0.0
William Saliba,6.0,0.0,,2025-09-17 21:19:31,faller,-0.0
Riccardo Calafiori,5.7,0.0,,2025-09-17 21:19:31,faller,-0.0
Jurriën Timber,5.7,0.0,,2025-09-17 21:19:31,faller,-0.0
Jakub Kiwior,5.4,0.0,,2025-09-17 21:19:31,faller,-0.0
Myles Lewis-Skelly,5.3,0.0,,2025-09-17 21:19:31,faller,-0.0
David Raya Martín,5.5,0.0,0.0,2025-09-17 21:20:31,riser,
Kepa Arrizabalaga Revuelta,4.4,0.0,0.0,2025-09-17 21:20:31,riser,
Karl Hein,4.0,0.0,0.0,2025-09-17 21:20:31,riser,
Tommy Setford,4.0,0.0,0.0,2025-09-17 21:20:31,riser,
Gabriel dos Santos Magalhães,6.1,0.0,0.0,2025-09-17 21:20:31,riser,
William Saliba,6.0,0.0,0.0,2025-09-17 21:20:31,riser,
Riccardo Calafiori,5.7,0.0,0.0,2025-09-17 21:20:31,riser,
Jurriën Timber,5.7,0.0,0.0,2025-09-17 21:20:31,riser,
Jakub Kiwior,5.4,0.0,0.0,2025-09-17 21:20:31,riser,
Myles Lewis-Skelly,5.3,0.0,0.0,2025-09-17 21:20:31,riser,
David Raya Martín,5.5,0.0,,2025-09-17 21:20:31,faller,-0.0
Kepa Arrizabalaga Revuelta,4.4,0.0,,2025-09-17 21:20:31,faller,-0.0
Karl Hein,4.0,0.0,,2025-09-17 21:20:31,faller,-0.0
Tommy Setford,4.0,0.0,,2025-09-17 21:20:31,faller,-0.0
Gabriel dos Santos Magalhães,6.1,0.0,,2025-09-17 21:20:31,faller,-0.0
William Saliba,6.0,0.0,,2025-09-17 21:20:31,faller,-0.0
Riccardo Calafiori,5.7,0.0,,2025-09-17 21:20:31,faller,-0.0
Jurriën Timber,5.7,0.0,,2025-09-17 21:20:31,faller,-0.0
Jakub Kiwior,5.4,0.0,,2025-09-17 21:20:31,faller,-0.0
Myles Lewis-Skelly,5.3,0.0,,2025-09-17 21:20:31,faller,-0.0
David Raya Martín,5.5,0.0,0.0,2025-09-17 21:21:31,riser,
Kepa Arrizabalaga Revuelta,4.4,0.0,0.0,2025-09-17 21:21:31,riser,
Karl Hein,4.0,0.0,0.0,2025-09-17 21:21:31,riser,
Tommy Setford,4.0,0.0,0.0,2025-09-17 21:21:31,riser,
Gabriel dos Santos Magalhães,6.1,0.0,0.0,2025-09-17 21:21:31,riser,
William Saliba,6.0,0.0,0.0,2025-09-17 21:21:31,riser,
Riccardo Calafiori,5.7,0.0,0.0,2025-09-17 21:21:31,riser,
Jurriën Timber,5.7,0.0,0.0,2025-09-17 21:21:31,riser,
Jakub Kiwior,5.4,0.0,0.0,2025-09-17 21:21:31,riser,
Myles Lewis-Skelly,5.3,0.0,0.0,2025-09-17 21:21:31,riser,
David Raya Martín,5.5,0.0,,2025-09-17 21:21:31,faller,-0.0
Kepa Arrizabalaga Revuelta,4.4,0.0,,2025-09-17 21:21:31,faller,-0.0
Karl Hein,4.0,0.0,,2025-09-17 21:21:31,faller,-0.0
Tommy Setford,4.0,0.0,,2025-09-17 21:21:31,faller,-0.0
Gabriel dos Santos Magalhães,6.1,0.0,,2025-09-17 21:21:31,faller,-0.0
William Saliba,6.0,0.0,,2025-09-17 21:21:31,faller,-0.0
Riccardo Calafiori,5.7,0.0,,2025-09-17 21:21:31,faller,-0.0
Jurriën Timber,5.7,0.0,,2025-09-17 21:21:31,faller,-0.0
Jakub Kiwior,5.4,0.0,,2025-09-17 21:21:31,faller,-0.0
Myles Lewis-Skelly,5.3,0.0,,2025-09-17 21:21:31,faller,-0.0
David Raya Martín,5.5,0.0,0.0,2025-09-17 21:22:31,riser,
Kepa Arrizabalaga Revuelta,4.4,0.0,0.0,2025-09-17 21:22:31,riser,
Karl Hein,4.0,0.0,0.0,2025-09-17 21:22:31,riser,
Tommy Setford,4.0,0.0,0.0,2025-09-17 21:22:31,riser,
Gabriel dos Santos Magalhães,6.1,0.0,0.0,2025-09-17 21:22:31,riser,
William Saliba,6.0,0.0,0.0,2025-09-17 21:22:31,riser,
Riccardo Calafiori,5.7,0.0,0.0,2025-09-17 21:22:31,riser,
Jurriën Timber,5.7,0.0,0.0,2025-09-17 21:22:31,riser,
Jakub Kiwior,5.4,0.0,0.0,2025-09-17 21:22:31,riser,
Myles Lewis-Skelly,5.3,0.0,0.0,2025-09-17 21:22:31,riser,
David Raya Martín,5.5,0.0,,2025-09-17 21:22:31,faller,-0.0
Kepa Arrizabalaga Revuelta,4.4,0.0,,2025-09-17 21:22:31,faller,-0.0
Karl Hein,4.0,0.0,,2025-09-17 21:22:31,faller,-0.0
Tommy Setford,4.0,0.0,,2025-09-17 21:22:31,faller,-0.0
Gabriel dos Santos Magalhães,6.1,0.0,,2025-09-17 21:22:31,faller,-0.0
William Saliba,6.0,0.0,,2025-09-17 21:22:31,faller,-0.0
Riccardo Calafiori,5.7,0.0,,2025-09-17 21:22:31,faller,-0.0
Jurriën Timber,5.7,0.0,,2025-09-17 21:22:31,faller,-0.0
Jakub Kiwior,5.4,0.0,,2025-09-17 21:22:31,faller,-0.0
Myles Lewis-Skelly,5.3,0.0,,2025-09-17 21:22:31,faller,-0.0
David Raya Martín,5.5,0.0,0.0,2025-09-17 21:23:31,riser,
Kepa Arrizabalaga Revuelta,4.4,0.0,0.0,2025-09-17 21:23:31,riser,
Karl Hein,4.0,0.0,0.0,2025-09-17 21:23:31,riser,
Tommy Setford,4.0,0.0,0.0,2025-09-17 21:23:31,riser,
Gabriel dos Santos Magalhães,6.1,0.0,0.0,2025-09-17 21:23:31,riser,
William Saliba,6.0,0.0,0.0,2025-09-17 21:23:31,riser,
Riccardo Calafiori,5.7,0.0,0.0,2025-09-17 21:23:31,riser,
Jurriën Timber,5.7,0.0,0.0,2025-09-17 21:23:31,riser,
Jakub Kiwior,5.4,0.0,0.0,2025-09-17 21:23:31,riser,
Myles Lewis-Skelly,5.3,0.0,0.0,2025-09-17 21:23:31,riser,
David Raya Martín,5.5,0.0,,2025-09-17 21:23:31,faller,-0.0
Kepa Arrizabalaga Revuelta,4.4,0.0,,2025-09-17 21:23:31,faller,-0.0
Karl Hein,4.0,0.0,,2025-09-17 21:23:31,faller,-0.0
Tommy Setford,4.0,0.0,,2025-09-17 21:23:31,faller,-0.0
Gabriel dos Santos Magalhães,6.1,0.0,,2025-09-17 21:23:31,faller,-0.0
William Saliba,6.0,0.0,,2025-09-17 21:23:31,faller,-0.0
Riccardo Calafiori,5.7,0.0,,2025-09-17 21:23:31,faller,-0.0
Jurriën Timber,5.7,0.0,,2025-09-17 21:23:31,faller,-0.0
Jakub Kiwior,5.4,0.0,,2025-09-17 21:23:31,faller,-0.0
Myles Lewis-Skelly,5.3,0.0,,2025-09-17 21:23:31,faller,-0.0
Antoine Semenyo,7.5,2855.6756756756754,0.03,2025-09-17 22:05:01,riser,
Cole Palmer,10.4,2445.4054054054054,0.02,2025-09-17 22:05:01,riser,
Jurriën Timber,5.7,818.9189189189188,0.01,2025-09-17 22:05:01,riser,
Martín Zubimendi Ibáñez,5.4,561.081081081081,0.01,2025-09-17 22:05:01,riser,
Marcos Senesi Barón,4.6,982.7027027027027,0.01,2025-09-17 22:05:01,riser,
Moisés Caicedo Corozo,5.6,987.5675675675675,0.01,2025-09-17 22:05:01,riser,
João Pedro Junqueira de Jesus,7.8,583.7837837837837,0.01,2025-09-17 22:05:01,riser,
Marc Guéhi,4.7,1253.5135135135135,0.01,2025-09-17 22:05:01,riser,
Virgil van Dijk,6.1,687.5675675675675,0.01,2025-09-17 22:05:01,riser,
Alexander Isak,10.4,1268.1081081081081,0.01,2025-09-17 22:05:01,riser,
Florian Wirtz,8.4,-1519.4594594594594,,2025-09-17 22:05:01,faller,0.02
Hugo Ekitiké,8.8,-2370.810810810811,,2025-09-17 22:05:01,faller,0.02
William Saliba,6.0,-698.9189189189188,,2025-09-17 22:05:01,faller,0.01
Ollie Watkins,8.8,-510.8108108108108,,2025-09-17 22:05:01,faller,0.01
Robert Lynch Sánchez,5.0,-692.4324324324324,,2025-09-17 22:05:01,faller,0.01
Marc Cucurella Saseta,6.2,-799.4594594594594,,2025-09-17 22:05:01,faller,0.01
Cody Gakpo,7.7,-638.9189189189188,,2025-09-17 22:05:01,faller,0.01
Rayan Aït-Nouri,5.9,-1206.4864864864865,,2025-09-17 22:05:01,faller,0.01
Tijjani Reijnders,5.7,-629.1891891891892,,2025-09-17 22:05:01,faller,0.01
Bryan Mbeumo,8.1,-530.2702702702702,,2025-09-17 22:05:01,faller,0.01
Antoine Semenyo,7.5,2395.3346292696474,0.02,2025-09-17 23:05:02,riser,
Cole Palmer,10.4,1859.4834768119965,0.02,2025-09-17 23:05:02,riser,
Jurriën Timber,5.7,545.8483754512636,0.01,2025-09-17 23:05:02,riser,
Marcos Senesi Barón,4.6,815.7733962788114,0.01,2025-09-17 23:05:02,riser,
Moisés Caicedo Corozo,5.6,777.7839489030824,0.01,2025-09-17 23:05:02,riser,
Marc Guéhi,4.7,927.7422938072757,0.01,2025-09-17 23:05:02,riser,
Virgil van Dijk,6.1,508.85865037489583,0.01,2025-09-17 23:05:02,riser,
Alexander Isak,10.4,899.7500694251596,0.01,2025-09-17 23:05:02,riser,
Erling Haaland,14.1,1143.682310469314,0.01,2025-09-17 23:05:02,riser,
Nick Woltemade,7.0,876.75645653985,0.01,2025-09-17 23:05:02,riser,
Hugo Ekitiké,8.8,-1728.5198555956679,,2025-09-17 23:05:02,faller,0.02
William Saliba,6.0,-556.8453207442377,,2025-09-17 23:05:02,faller,0.01
Robert Lynch Sánchez,5.0,-502.8603165787281,,2025-09-17 23:05:02,faller,0.01
Marc Cucurella Saseta,6.2,-666.8147736739794,,2025-09-17 23:05:02,faller,0.01
Florian Wirtz,8.4,-1228.6587059150236,,2025-09-17 23:05:02,faller,0.01
Rayan Aït-Nouri,5.9,-948.7364620938628,,2025-09-17 23:05:02,faller,0.01
Tijjani Reijnders,5.7,-531.8522632602055,,2025-09-17 23:05:02,faller,0.01
Bruno Borges Fernandes,9.0,-822.7714523743405,,2025-09-17 23:05:02,faller,0.01
Matheus Santos Carneiro da Cunha,8.0,-567.8422660372119,,2025-09-17 23:05:02,faller,0.01
Ola Aina,4.9,-684.8097750624826,,2025-09-17 23:05:02,faller,0.01
Marcos Senesi Barón,4.6,516.428273850854,0.01,2025-09-18 01:05:19,riser,
Antoine Semenyo,7.5,1479.7944729898625,0.01,2025-09-18 01:05:19,riser,
Cole Palmer,10.4,983.8633523121788,0.01,2025-09-18 01:05:19,riser,
Moisés Caicedo Corozo,5.6,518.9279266768505,0.01,2025-09-18 01:05:19,riser,
Marc Guéhi,4.7,621.9136231079017,0.01,2025-09-18 01:05:19,riser,
Alexander Isak,10.4,571.9205665879739,0.01,2025-09-18 01:05:19,riser,
Erling Haaland,14.1,629.9125121510901,0.01,2025-09-18 01:05:19,riser,
Micky van de Ven,4.7,693.9036244965977,0.01,2025-09-18 01:05:19,riser,
David Raya Martín,5.5,-11.99833356478267,0.0,2025-09-18 01:05:19,riser,
Kepa Arrizabalaga Revuelta,4.4,-10.498541869184836,0.0,2025-09-18 01:05:19,riser,
Florian Wirtz,8.4,-662.9079294542424,,2025-09-18 01:05:19,faller,0.01
Hugo Ekitiké,8.8,-1021.3581447021247,,2025-09-18 01:05:19,faller,0.01
Rayan Aït-Nouri,5.9,-603.9161227607277,,2025-09-18 01:05:19,faller,0.01
David Raya Martín,5.5,-11.99833356478267,,2025-09-18 01:05:19,faller,0.0
Kepa Arrizabalaga Revuelta,4.4,-10.498541869184836,,2025-09-18 01:05:19,faller,0.0
Karl Hein,4.0,-5.499236217192056,,2025-09-18 01:05:19,faller,0.0
Tommy Setford,4.0,5.999166782391335,,2025-09-18 01:05:19,faller,0.0
Gabriel dos Santos Magalhães,6.1,30.995695042355226,,2025-09-18 01:05:19,faller,0.0
William Saliba,6.0,-343.4522982919039,,2025-09-18 01:05:19,faller,0.0
Riccardo Calafiori,5.7,44.49382030273573,,2025-09-18 01:05:19,faller,0.0
Marcos Senesi Barón,4.6,516.428273850854,0.01,2025-09-18 02:05:00,riser,
Antoine Semenyo,7.5,1479.7944729898625,0.01,2025-09-18 02:05:00,riser,
Cole Palmer,10.4,983.8633523121788,0.01,2025-09-18 02:05:00,riser,
Moisés Caicedo Corozo,5.6,518.9279266768505,0.01,2025-09-18 02:05:00,riser,
Marc Guéhi,4.7,621.9136231079017,0.01,2025-09-18 02:05:00,riser,
Alexander Isak,10.4,571.9205665879739,0.01,2025-09-18 02:05:00,riser,
Erling Haaland,14.1,629.9125121510901,0.01,2025-09-18 02:05:00,riser,
Micky van de Ven,4.7,693.9036244965977,0.01,2025-09-18 02:05:00,riser,
David Raya Martín,5.5,-11.99833356478267,0.0,2025-09-18 02:05:00,riser,
Kepa Arrizabalaga Revuelta,4.4,-10.498541869184836,0.0,2025-09-18 02:05:00,riser,
Florian Wirtz,8.4,-662.9079294542424,,2025-09-18 02:05:00,faller,0.01
Hugo Ekitiké,8.8,-1021.3581447021247,,2025-09-18 02:05:00,faller,0.01
Rayan Aït-Nouri,5.9,-603.9161227607277,,2025-09-18 02:05:00,faller,0.01
David Raya Martín,5.5,-11.99833356478267,,2025-09-18 02:05:00,faller,0.0
Kepa Arrizabalaga Revuelta,4.4,-10.498541869184836,,2025-09-18 02:05:00,faller,0.0
Karl Hein,4.0,-5.499236217192056,,2025-09-18 02:05:00,faller,0.0
Tommy Setford,4.0,5.999166782391335,,2025-09-18 02:05:00,faller,0.0
Gabriel dos Santos Magalhães,6.1,30.995695042355226,,2025-09-18 02:05:00,faller,0.0
William Saliba,6.0,-343.4522982919039,,2025-09-18 02:05:00,faller,0.0
Riccardo Calafiori,5.7,44.49382030273573,,2025-09-18 02:05:00,faller,0.0
Antoine Semenyo,7.5,976.7713253681578,0.01,2025-09-18 03:07:04,riser,
Cole Palmer,10.4,628.6746318421784,0.01,2025-09-18 03:07:04,riser,
Micky van de Ven,4.7,529.647124201167,0.01,2025-09-18 03:07:04,riser,
David Raya Martín,5.5,-29.00805779383162,0.0,2025-09-18 03:07:04,riser,
Kepa Arrizabalaga Revuelta,4.4,-6.501806057238122,0.0,2025-09-18 03:07:04,riser,
Karl Hein,4.0,-3.5009724923589887,0.0,2025-09-18 03:07:04,riser,
Tommy Setford,4.0,-1.000277854959711,0.0,2025-09-18 03:07:04,riser,
Gabriel dos Santos Magalhães,6.1,19.505418171714364,0.0,2025-09-18 03:07:04,riser,
William Saliba,6.0,-262.57293692692417,0.0,2025-09-18 03:07:04,riser,
Riccardo Calafiori,5.7,26.507363156432344,0.0,2025-09-18 03:07:04,riser,
Hugo Ekitiké,8.8,-663.6843567657683,,2025-09-18 03:07:04,faller,0.01
David Raya Martín,5.5,-29.00805779383162,,2025-09-18 03:07:04,faller,0.0
Kepa Arrizabalaga Revuelta,4.4,-6.501806057238122,,2025-09-18 03:07:04,faller,0.0
Karl Hein,4.0,-3.5009724923589887,,2025-09-18 03:07:04,faller,0.0
Tommy Setford,4.0,-1.000277854959711,,2025-09-18 03:07:04,faller,0.0
Gabriel dos Santos Magalhães,6.1,19.505418171714364,,2025-09-18 03:07:04,faller,0.0
William Saliba,6.0,-262.57293692692417,,2025-09-18 03:07:04,faller,0.0
Riccardo Calafiori,5.7,26.507363156432344,,2025-09-18 03:07:04,faller,0.0
Jurriën Timber,5.7,266.574048346763,,2025-09-18 03:07:04,faller,0.0
Jakub Kiwior,5.4,-1.000277854959711,,2025-09-18 03:07:04,faller,0.0
Antoine Semenyo,7.5,873.3786974031384,0.01,2025-09-18 05:05:02,riser,
Cole Palmer,10.4,629.9125121510901,0.01,2025-09-18 05:05:02,riser,
Micky van de Ven,4.7,542.4246632412165,0.01,2025-09-18 05:05:02,riser,
David Raya Martín,5.5,-48.993195389529234,0.0,2025-09-18 05:05:02,riser,
Kepa Arrizabalaga Revuelta,4.4,-13.498125260380503,0.0,2025-09-18 05:05:02,riser,
Karl Hein,4.0,-4.499375086793501,0.0,2025-09-18 05:05:02,riser,
Tommy Setford,4.0,3.499513956394945,0.0,2025-09-18 05:05:02,riser,
Gabriel dos Santos Magalhães,6.1,1.9997222607971115,0.0,2025-09-18 05:05:02,riser,
William Saliba,6.0,-234.4674350784613,0.0,2025-09-18 05:05:02,riser,
Riccardo Calafiori,5.7,-1.9997222607971115,0.0,2025-09-18 05:05:02,riser,
Hugo Ekitiké,8.8,-598.9168171087349,,2025-09-18 05:05:02,faller,0.01
David Raya Martín,5.5,-48.993195389529234,,2025-09-18 05:05:02,faller,0.0
Kepa Arrizabalaga Revuelta,4.4,-13.498125260380503,,2025-09-18 05:05:02,faller,0.0
Karl Hein,4.0,-4.499375086793501,,2025-09-18 05:05:02,faller,0.0
Tommy Setford,4.0,3.499513956394945,,2025-09-18 05:05:02,faller,0.0
Gabriel dos Santos Magalhães,6.1,1.9997222607971115,,2025-09-18 05:05:02,faller,0.0
William Saliba,6.0,-234.4674350784613,,2025-09-18 05:05:02,faller,0.0
Riccardo Calafiori,5.7,-1.9997222607971115,,2025-09-18 05:05:02,faller,0.0
Jurriën Timber,5.7,221.96917094847936,,2025-09-18 05:05:02,faller,0.0
Jakub Kiwior,5.4,-0.49993056519927787,,2025-09-18 05:05:02,faller,0.0
Antoine Semenyo,7.5,1563.7171829420754,0.02,2025-09-18 07:05:01,riser,
Marcos Senesi Barón,4.6,523.0726489790248,0.01,2025-09-18 07:05:01,riser,
Cole Palmer,10.4,1133.157382969857,0.01,2025-09-18 07:05:01,riser,
Moisés Caicedo Corozo,5.6,577.580219474927,0.01,2025-09-18 07:05:01,riser,
Marc Guéhi,4.7,712.5989720794555,0.01,2025-09-18 07:05:01,riser,
Alexander Isak,10.4,647.5899430476455,0.01,2025-09-18 07:05:01,riser,
Erling Haaland,14.2,603.0837616335602,0.01,2025-09-18 07:05:01,riser,
Nick Woltemade,7.0,575.0798722044728,0.01,2025-09-18 07:05:01,riser,
Micky van de Ven,4.7,849.6180025003473,0.01,2025-09-18 07:05:01,riser,
David Raya Martín,5.5,-35.50493124045006,0.0,2025-09-18 07:05:01,riser,
Florian Wirtz,8.4,-667.5927212112794,,2025-09-18 07:05:01,faller,0.01
Hugo Ekitiké,8.8,-1056.1466870398667,,2025-09-18 07:05:01,faller,0.01
Rayan Aït-Nouri,5.9,-700.0972357271844,,2025-09-18 07:05:01,faller,0.01
Ola Aina,4.9,-703.0976524517295,,2025-09-18 07:05:01,faller,0.01
David Raya Martín,5.5,-35.50493124045006,,2025-09-18 07:05:01,faller,0.0
Kepa Arrizabalaga Revuelta,4.4,-14.502014168634533,,2025-09-18 07:05:01,faller,0.0
Karl Hein,4.0,-8.001111265453535,,2025-09-18 07:05:01,faller,0.0
Tommy Setford,4.0,-0.5000694540908459,,2025-09-18 07:05:01,faller,0.0
Gabriel dos Santos Magalhães,6.1,-6.000833449090152,,2025-09-18 07:05:01,faller,0.0
William Saliba,6.0,-130.5181275177108,,2025-09-18 07:05:01,faller,0.0
Antoine Semenyo,7.5,2859.397138491457,0.03,2025-09-18 10:05:01,riser,
Cole Palmer,10.4,1627.2260036116127,0.02,2025-09-18 10:05:01,riser,
Jurriën Timber,5.7,647.5899430476455,0.01,2025-09-18 10:05:01,riser,
Martín Zubimendi Ibáñez,5.4,552.076677316294,0.01,2025-09-18 10:05:01,riser,
Marcos Senesi Barón,4.6,895.6243922767051,0.01,2025-09-18 10:05:01,riser,
Moisés Caicedo Corozo,5.6,874.6214752048896,0.01,2025-09-18 10:05:01,riser,
João Pedro Junqueira de Jesus,7.8,590.5820252812891,0.01,2025-09-18 10:05:01,riser,
Marc Guéhi,4.7,1133.6574524239477,0.01,2025-09-18 10:05:01,riser,
Virgil van Dijk,6.1,578.5803583831088,0.01,2025-09-18 10:05:01,riser,
Alexander Isak,10.4,1013.6407834421448,0.01,2025-09-18 10:05:01,riser,
Hugo Ekitiké,8.8,-1709.2373940825114,,2025-09-18 10:05:01,faller,0.02
Robert Lynch Sánchez,5.0,-553.0768162244756,,2025-09-18 10:05:01,faller,0.01
Marc Cucurella Saseta,6.2,-590.5820252812891,,2025-09-18 10:05:01,faller,0.01
Florian Wirtz,8.4,-1147.1593276844005,,2025-09-18 10:05:01,faller,0.01
Rayan Aït-Nouri,5.9,-1187.1648840116684,,2025-09-18 10:05:01,faller,0.01
Tijjani Reijnders,5.7,-570.0791776635645,,2025-09-18 10:05:01,faller,0.01
Bruno Borges Fernandes,9.0,-903.1254340880678,,2025-09-18 10:05:01,faller,0.01
Matheus Santos Carneiro da Cunha,8.0,-696.5967495485485,,2025-09-18 10:05:01,faller,0.01
Anthony Elanga,7.0,-554.5770245867482,,2025-09-18 10:05:01,faller,0.01
Ola Aina,4.9,-1154.6603694957632,,2025-09-18 10:05:01,faller,0.01
Antoine Semenyo,7.5,3263.546729620886,0.03,2025-09-18 12:05:02,riser,
Cole Palmer,10.4,1699.7639216775447,0.02,2025-09-18 12:05:02,riser,
Micky van de Ven,4.7,1547.285099291765,0.02,2025-09-18 12:05:02,riser,
Jurriën Timber,5.7,674.9062630190251,0.01,2025-09-18 12:05:02,riser,
Martín Zubimendi Ibáñez,5.4,589.9180669351479,0.01,2025-09-18 12:05:02,riser,
Marcos Senesi Barón,4.6,1046.3546729620887,0.01,2025-09-18 12:05:02,riser,
Moisés Caicedo Corozo,5.6,975.8644632689904,0.01,2025-09-18 12:05:02,riser,
João Pedro Junqueira de Jesus,7.8,729.8986251909457,0.01,2025-09-18 12:05:02,riser,
Marc Guéhi,4.7,1296.3199555617275,0.01,2025-09-18 12:05:02,riser,
Virgil van Dijk,6.1,628.9126510206916,0.01,2025-09-18 12:05:02,riser,
Hugo Ekitiké,8.8,-1802.2496875433967,,2025-09-18 12:05:02,faller,0.02
Robert Lynch Sánchez,5.0,-603.4161921955284,,2025-09-18 12:05:02,faller,0.01
Marc Cucurella Saseta,6.2,-698.9029301485905,,2025-09-18 12:05:02,faller,0.01
Ismaïla Sarr,6.5,-564.4216081099847,,2025-09-18 12:05:02,faller,0.01
Florian Wirtz,8.4,-1233.3287043466185,,2025-09-18 12:05:02,faller,0.01
Rayan Aït-Nouri,5.9,-1314.3174559089016,,2025-09-18 12:05:02,faller,0.01
Omar Marmoush,8.3,-538.9251492848215,,2025-09-18 12:05:02,faller,0.01
Tijjani Reijnders,5.7,-676.9059852798222,,2025-09-18 12:05:02,faller,0.01
Bruno Borges Fernandes,9.0,-991.3623107901681,,2025-09-18 12:05:02,faller,0.01
Matheus Santos Carneiro da Cunha,8.0,-731.8983474517428,,2025-09-18 12:05:02,faller,0.01
Antoine Semenyo,7.5,3458.0,0.03,2025-09-18 14:05:00,riser,
Cole Palmer,10.4,1713.0,0.02,2025-09-18 14:05:00,riser,
Micky van de Ven,4.7,1604.0,0.02,2025-09-18 14:05:00,riser,
Jurriën Timber,5.7,746.0,0.01,2025-09-18 14:05:00,riser,
Martín Zubimendi Ibáñez,5.4,636.5,0.01,2025-09-18 14:05:00,riser,
Marcos Senesi Barón,4.6,1056.0,0.01,2025-09-18 14:05:00,riser,
Moisés Caicedo Corozo,5.6,1020.0,0.01,2025-09-18 14:05:00,riser,
João Pedro Junqueira de Jesus,7.8,645.0,0.01,2025-09-18 14:05:00,riser,
Marc Guéhi,4.7,1400.5,0.01,2025-09-18 14:05:00,riser,
Virgil van Dijk,6.1,673.5,0.01,2025-09-18 14:05:00,riser,
Hugo Ekitiké,8.8,-1893.0,,2025-09-18 14:05:00,faller,0.02
Robert Lynch Sánchez,5.0,-663.5,,2025-09-18 14:05:00,faller,0.01
Marc Cucurella Saseta,6.2,-710.0,,2025-09-18 14:05:00,faller,0.01
Ismaïla Sarr,6.5,-572.0,,2025-09-18 14:05:00,faller,0.01
Florian Wirtz,8.4,-1276.0,,2025-09-18 14:05:00,faller,0.01
Rayan Aït-Nouri,5.9,-1407.5,,2025-09-18 14:05:00,faller,0.01
Omar Marmoush,8.3,-527.5,,2025-09-18 14:05:00,faller,0.01
Tijjani Reijnders,5.7,-713.0,,2025-09-18 14:05:00,faller,0.01
Bruno Borges Fernandes,9.0,-1001.0,,2025-09-18 14:05:00,faller,0.01
Matheus Santos Carneiro da Cunha,8.0,-836.0,,2025-09-18 14:05:00,faller,0.01
Antoine Semenyo,7.5,3464.962489580439,0.03,2025-09-18 15:05:00,riser,
Cole Palmer,10.4,1696.47124201167,0.02,2025-09-18 15:05:00,riser,
Micky van de Ven,4.7,1562.4340094470688,0.02,2025-09-18 15:05:00,riser,
Jurriën Timber,5.7,740.2056126701862,0.01,2025-09-18 15:05:00,riser,
Martín Zubimendi Ibáñez,5.4,594.1650458460683,0.01,2025-09-18 15:05:00,riser,
Marcos Senesi Barón,4.6,1151.3198110586275,0.01,2025-09-18 15:05:00,riser,
Moisés Caicedo Corozo,5.6,989.2747985551542,0.01,2025-09-18 15:05:00,riser,
João Pedro Junqueira de Jesus,7.8,670.1861628230064,0.01,2025-09-18 15:05:00,riser,
Marc Guéhi,4.7,1383.3842734092805,0.01,2025-09-18 15:05:00,riser,
Virgil van Dijk,6.1,674.1872742428453,0.01,2025-09-18 15:05:00,riser,
Hugo Ekitiké,8.8,-1668.4634620727982,,2025-09-18 15:05:00,faller,0.02
Ollie Watkins,8.8,-525.1458738538483,,2025-09-18 15:05:00,faller,0.01
Robert Lynch Sánchez,5.0,-675.187552097805,,2025-09-18 15:05:00,faller,0.01
Marc Cucurella Saseta,6.2,-674.1872742428453,,2025-09-18 15:05:00,faller,0.01
Marc Guiu Paz,4.4,-509.14142817449294,,2025-09-18 15:05:00,faller,0.01
Ismaïla Sarr,6.5,-568.1578216171159,,2025-09-18 15:05:00,faller,0.01
Florian Wirtz,8.4,-1228.341205890525,,2025-09-18 15:05:00,faller,0.01
Rayan Aït-Nouri,5.9,-1421.3948318977493,,2025-09-18 15:05:00,faller,0.01
Omar Marmoush,8.3,-510.1417060294526,,2025-09-18 15:05:00,faller,0.01
Tijjani Reijnders,5.7,-704.1956098916366,,2025-09-18 15:05:00,faller,0.01
Antoine Semenyo,7.5,3965.8983615662314,0.04,2025-09-18 16:05:01,riser,
Cole Palmer,10.4,1831.4912524298804,0.02,2025-09-18 16:05:01,riser,
Marc Guéhi,4.7,1688.5309636212162,0.02,2025-09-18 16:05:01,riser,
Micky van de Ven,4.7,1933.4629269647319,0.02,2025-09-18 16:05:01,riser,
Jurriën Timber,5.7,905.7484032213274,0.01,2025-09-18 16:05:01,riser,
Martín Zubimendi Ibáñez,5.4,725.7983893362955,0.01,2025-09-18 16:05:01,riser,
Marcos Senesi Barón,4.6,1330.630380449875,0.01,2025-09-18 16:05:01,riser,
Moisés Caicedo Corozo,5.6,1262.6492640933075,0.01,2025-09-18 16:05:01,riser,
João Pedro Junqueira de Jesus,7.8,854.7625659539017,0.01,2025-09-18 16:05:01,riser,
Virgil van Dijk,6.1,855.7622882532629,0.01,2025-09-18 16:05:01,riser,
Hugo Ekitiké,8.8,-2102.4159955567898,,2025-09-18 16:05:01,faller,0.02
Rayan Aït-Nouri,5.9,-1603.5545681755068,,2025-09-18 16:05:01,faller,0.02
Ola Aina,4.9,-1611.552346570397,,2025-09-18 16:05:01,faller,0.02
Aaron Wan-Bissaka,4.3,-1822.4937517356288,,2025-09-18 16:05:01,faller,0.02
Ollie Watkins,8.8,-601.8328242154956,,2025-09-18 16:05:01,faller,0.01
Robert Lynch Sánchez,5.0,-760.7886698139405,,2025-09-18 16:05:01,faller,0.01
Marc Cucurella Saseta,6.2,-892.7520133296306,,2025-09-18 16:05:01,faller,0.01
Marc Guiu Paz,4.4,-564.843099139128,,2025-09-18 16:05:01,faller,0.01
Ismaïla Sarr,6.5,-706.803665648431,,2025-09-18 16:05:01,faller,0.01
Florian Wirtz,8.4,-1363.6212163287976,,2025-09-18 16:05:01,faller,0.01
Antoine Semenyo,7.5,4003.0,0.04,2025-09-18 17:05:01,riser,
Cole Palmer,10.4,1924.0,0.02,2025-09-18 17:05:01,riser,
Marc Guéhi,4.7,1769.0,0.02,2025-09-18 17:05:01,riser,
Micky van de Ven,4.7,1866.0,0.02,2025-09-18 17:05:01,riser,
Jurriën Timber,5.7,804.0,0.01,2025-09-18 17:05:01,riser,
Martín Zubimendi Ibáñez,5.4,726.0,0.01,2025-09-18 17:05:01,riser,
Marcos Senesi Barón,4.6,1365.0,0.01,2025-09-18 17:05:01,riser,
Enzo Fernández,6.6,520.0,0.01,2025-09-18 17:05:01,riser,
Moisés Caicedo Corozo,5.6,1235.0,0.01,2025-09-18 17:05:01,riser,
João Pedro Junqueira de Jesus,7.8,841.0,0.01,2025-09-18 17:05:01,riser,
Hugo Ekitiké,8.8,-2069.0,,2025-09-18 17:05:01,faller,0.02
Rayan Aït-Nouri,5.9,-1675.0,,2025-09-18 17:05:01,faller,0.02
Ola Aina,4.9,-1569.0,,2025-09-18 17:05:01,faller,0.02
Aaron Wan-Bissaka,4.3,-2142.0,,2025-09-18 17:05:01,faller,0.02
Ollie Watkins,8.8,-626.0,,2025-09-18 17:05:01,faller,0.01
Robert Lynch Sánchez,5.0,-796.0,,2025-09-18 17:05:01,faller,0.01
Marc Cucurella Saseta,6.2,-811.0,,2025-09-18 17:05:01,faller,0.01
Marc Guiu Paz,4.4,-614.0,,2025-09-18 17:05:01,faller,0.01
Ismaïla Sarr,6.5,-700.0,,2025-09-18 17:05:01,faller,0.01
Florian Wirtz,8.4,-1363.0,,2025-09-18 17:05:01,faller,0.01
Antoine Semenyo,7.5,3650.0,0.04,2025-09-18 18:05:01,riser,
Cole Palmer,10.4,1811.0,0.02,2025-09-18 18:05:01,riser,
Marc Guéhi,4.7,1719.0,0.02,2025-09-18 18:05:01,riser,
Micky van de Ven,4.7,1738.0,0.02,2025-09-18 18:05:01,riser,
Jurriën Timber,5.7,885.0,0.01,2025-09-18 18:05:01,riser,
Martín Zubimendi Ibáñez,5.4,684.0,0.01,2025-09-18 18:05:01,riser,
Marcos Senesi Barón,4.6,1209.0,0.01,2025-09-18 18:05:01,riser,
Moisés Caicedo Corozo,5.6,1182.0,0.01,2025-09-18 18:05:01,riser,
João Pedro Junqueira de Jesus,7.8,790.0,0.01,2025-09-18 18:05:01,riser,
Virgil van Dijk,6.1,868.0,0.01,2025-09-18 18:05:01,riser,
Hugo Ekitiké,8.8,-1889.0,,2025-09-18 18:05:01,faller,0.02
Rayan Aït-Nouri,5.9,-1523.0,,2025-09-18 18:05:01,faller,0.02
Ola Aina,4.9,-1539.0,,2025-09-18 18:05:01,faller,0.02
Aaron Wan-Bissaka,4.3,-1812.0,,2025-09-18 18:05:01,faller,0.02
Ollie Watkins,8.8,-507.0,,2025-09-18 18:05:01,faller,0.01
Robert Lynch Sánchez,5.0,-733.0,,2025-09-18 18:05:01,faller,0.01
Marc Cucurella Saseta,6.2,-786.0,,2025-09-18 18:05:01,faller,0.01
Marc Guiu Paz,4.4,-523.0,,2025-09-18 18:05:01,faller,0.01
Ismaïla Sarr,6.5,-580.0,,2025-09-18 18:05:01,faller,0.01
Florian Wirtz,8.4,-1393.0,,2025-09-18 18:05:01,faller,0.01
Antoine Semenyo,7.5,3554.0765391014975,0.04,2025-09-18 19:05:01,riser,
Cole Palmer,10.4,1748.0865224625622,0.02,2025-09-18 19:05:01,riser,
Marc Guéhi,4.7,1608.3194675540765,0.02,2025-09-18 19:05:01,riser,
Micky van de Ven,4.7,1726.1231281198002,0.02,2025-09-18 19:05:01,riser,
Jurriën Timber,5.7,883.5274542429285,0.01,2025-09-18 19:05:01,riser,
Martín Zubimendi Ibáñez,5.4,753.7437603993344,0.01,2025-09-18 19:05:01,riser,
Marcos Senesi Barón,4.6,1247.9201331114807,0.01,2025-09-18 19:05:01,riser,
Enzo Fernández,6.6,509.15141430948415,0.01,2025-09-18 19:05:01,riser,
Moisés Caicedo Corozo,5.6,1147.0881863560733,0.01,2025-09-18 19:05:01,riser,
João Pedro Junqueira de Jesus,7.8,858.5690515806988,0.01,2025-09-18 19:05:01,riser,
Hugo Ekitiké,8.8,-1874.8752079866888,,2025-09-18 19:05:01,faller,0.02
Rayan Aït-Nouri,5.9,-1538.4359400998335,,2025-09-18 19:05:01,faller,0.02
Aaron Wan-Bissaka,4.3,-1729.1181364392678,,2025-09-18 19:05:01,faller,0.02
Ollie Watkins,8.8,-570.0499168053244,,2025-09-18 19:05:01,faller,0.01
Robert Lynch Sánchez,5.0,-718.8019966722129,,2025-09-18 19:05:01,faller,0.01
Marc Cucurella Saseta,6.2,-738.7687188019967,,2025-09-18 19:05:01,faller,0.01
Ismaïla Sarr,6.5,-580.0332778702162,,2025-09-18 19:05:01,faller,0.01
Florian Wirtz,8.4,-1307.8202995008319,,2025-09-18 19:05:01,faller,0.01
Omar Marmoush,8.3,-609.9833610648918,,2025-09-18 19:05:01,faller,0.01
Tijjani Reijnders,5.7,-778.7021630615641,,2025-09-18 19:05:01,faller,0.01
Antoine Semenyo,7.5,3771.2854757929886,0.04,2025-09-18 20:05:01,riser,
Cole Palmer,10.4,1573.6227045075125,0.02,2025-09-18 20:05:01,riser,
Marc Guéhi,4.7,1621.7028380634392,0.02,2025-09-18 20:05:01,riser,
Erling Haaland,14.2,1619.6994991652755,0.02,2025-09-18 20:05:01,riser,
Micky van de Ven,4.7,1627.71285475793,0.02,2025-09-18 20:05:01,riser,
Jurriën Timber,5.7,942.5709515859767,0.01,2025-09-18 20:05:01,riser,
Martín Zubimendi Ibáñez,5.4,720.2003338898164,0.01,2025-09-18 20:05:01,riser,
Marcos Senesi Barón,4.6,1253.0884808013357,0.01,2025-09-18 20:05:01,riser,
Enzo Fernández,6.6,563.9398998330552,0.01,2025-09-18 20:05:01,riser,
Moisés Caicedo Corozo,5.6,1247.0784641068449,0.01,2025-09-18 20:05:01,riser,
Hugo Ekitiké,8.8,-1989.315525876461,,2025-09-18 20:05:01,faller,0.02
Rayan Aït-Nouri,5.9,-1652.754590984975,,2025-09-18 20:05:01,faller,0.02
Aaron Wan-Bissaka,4.3,-1777.9632721202004,,2025-09-18 20:05:01,faller,0.02
Ollie Watkins,8.8,-630.0500834724542,,2025-09-18 20:05:01,faller,0.01
Robert Lynch Sánchez,5.0,-667.1118530884809,,2025-09-18 20:05:01,faller,0.01
Marc Cucurella Saseta,6.2,-613.0217028380634,,2025-09-18 20:05:01,faller,0.01
Marc Guiu Paz,4.4,-523.873121869783,,2025-09-18 20:05:01,faller,0.01
Ismaïla Sarr,6.5,-608.0133555926544,,2025-09-18 20:05:01,faller,0.01
Florian Wirtz,8.4,-1413.355592654424,,2025-09-18 20:05:01,faller,0.01
Omar Marmoush,8.3,-729.2153589315526,,2025-09-18 20:05:01,faller,0.01
Antoine Semenyo,7.5,4601.0,0.05,2025-09-18 21:05:01,riser,
Erling Haaland,14.2,2555.0,0.03,2025-09-18 21:05:01,riser,
Marcos Senesi Barón,4.6,1641.0,0.02,2025-09-18 21:05:01,riser,
Cole Palmer,10.4,2027.0,0.02,2025-09-18 21:05:01,riser,
Marc Guéhi,4.7,2030.0,0.02,2025-09-18 21:05:01,riser,
Micky van de Ven,4.7,2106.0,0.02,2025-09-18 21:05:01,riser,
Jurriën Timber,5.7,1091.0,0.01,2025-09-18 21:05:01,riser,
Martín Zubimendi Ibáñez,5.4,868.0,0.01,2025-09-18 21:05:01,riser,
Enzo Fernández,6.6,796.0,0.01,2025-09-18 21:05:01,riser,
Moisés Caicedo Corozo,5.6,1401.0,0.01,2025-09-18 21:05:01,riser,
Hugo Ekitiké,8.8,-2539.0,,2025-09-18 21:05:01,faller,0.03
Florian Wirtz,8.4,-1985.0,,2025-09-18 21:05:01,faller,0.02
Rayan Aït-Nouri,5.9,-2051.0,,2025-09-18 21:05:01,faller,0.02
Ola Aina,4.9,-1878.0,,2025-09-18 21:05:01,faller,0.02
Aaron Wan-Bissaka,4.3,-2208.0,,2025-09-18 21:05:01,faller,0.02
Bukayo Saka,9.8,-528.0,,2025-09-18 21:05:01,faller,0.01
Ollie Watkins,8.8,-897.0,,2025-09-18 21:05:01,faller,0.01
Aaron Ramsey,4.4,-523.0,,2025-09-18 21:05:01,faller,0.01
Robert Lynch Sánchez,5.0,-822.0,,2025-09-18 21:05:01,faller,0.01
Marc Cucurella Saseta,6.2,-849.0,,2025-09-18 21:05:01,faller,0.01
Antoine Semenyo,7.5,5129.424840233399,0.05,2025-09-18 22:05:01,riser,
Erling Haaland,14.2,3200.8891358710753,0.03,2025-09-18 22:05:01,riser,
Marcos Senesi Barón,4.6,1873.5204223395388,0.02,2025-09-18 22:05:01,riser,
Cole Palmer,10.4,2204.6123923312034,0.02,2025-09-18 22:05:01,riser,
Moisés Caicedo Corozo,5.6,1594.4429008057793,0.02,2025-09-18 22:05:01,riser,
Marc Guéhi,4.7,2278.632953598222,0.02,2025-09-18 22:05:01,riser,
Jérémy Doku,6.4,2114.5873853848293,0.02,2025-09-18 22:05:01,riser,
Micky van de Ven,4.7,2421.6726868574606,0.02,2025-09-18 22:05:01,riser,
Jurriën Timber,5.7,1157.3214781883858,0.01,2025-09-18 22:05:01,riser,
Martín Zubimendi Ibáñez,5.4,904.2511808835789,0.01,2025-09-18 22:05:01,riser,
Hugo Ekitiké,8.8,-2933.8149485968324,,2025-09-18 22:05:01,faller,0.03
Florian Wirtz,8.4,-2315.643234231731,,2025-09-18 22:05:01,faller,0.02
Rayan Aït-Nouri,5.9,-2238.6218393998333,,2025-09-18 22:05:01,faller,0.02
Bruno Borges Fernandes,9.0,-1609.4470686301752,,2025-09-18 22:05:01,faller,0.02
Ola Aina,4.9,-1977.5493192553488,,2025-09-18 22:05:01,faller,0.02
Aaron Wan-Bissaka,4.3,-2393.6649069185887,,2025-09-18 22:05:01,faller,0.02
Ollie Watkins,8.8,-848.235621005835,,2025-09-18 22:05:01,faller,0.01
Aaron Ramsey,4.4,-637.1769936093359,,2025-09-18 22:05:01,faller,0.01
Robert Lynch Sánchez,5.0,-992.2756321200334,,2025-09-18 22:05:01,faller,0.01
Marc Cucurella Saseta,6.2,-1150.3195332036678,,2025-09-18 22:05:01,faller,0.01
Antoine Semenyo,7.5,3226.5,0.03,2025-09-19 00:05:01,riser,
Erling Haaland,14.2,1567.5,0.02,2025-09-19 00:05:01,riser,
Micky van de Ven,4.7,1513.5,0.02,2025-09-19 00:05:01,riser,
Jurriën Timber,5.7,620.5,0.01,2025-09-19 00:05:01,riser,
Martín Zubimendi Ibáñez,5.4,530.5,0.01,2025-09-19 00:05:01,riser,
Marcos Senesi Barón,4.6,1105.5,0.01,2025-09-19 00:05:01,riser,
Cole Palmer,10.4,1418.5,0.01,2025-09-19 00:05:01,riser,
Moisés Caicedo Corozo,5.6,975.5,0.01,2025-09-19 00:05:01,riser,
João Pedro Junqueira de Jesus,7.8,584.0,0.01,2025-09-19 00:05:01,riser,
Marc Guéhi,4.7,1413.5,0.01,2025-09-19 00:05:01,riser,
Hugo Ekitiké,8.8,-1641.5,,2025-09-19 00:05:01,faller,0.02
Robert Lynch Sánchez,5.0,-660.0,,2025-09-19 00:05:01,faller,0.01
Marc Cucurella Saseta,6.2,-736.5,,2025-09-19 00:05:01,faller,0.01
Ismaïla Sarr,6.5,-553.0,,2025-09-19 00:05:01,faller,0.01
Florian Wirtz,8.4,-1381.5,,2025-09-19 00:05:01,faller,0.01
Rayan Aït-Nouri,5.9,-1360.0,,2025-09-19 00:05:01,faller,0.01
Tijjani Reijnders,5.7,-773.0,,2025-09-19 00:05:01,faller,0.01
Bruno Borges Fernandes,9.0,-961.0,,2025-09-19 00:05:01,faller,0.01
Matheus Santos Carneiro da Cunha,8.0,-791.0,,2025-09-19 00:05:01,faller,0.01
Anthony Elanga,7.0,-527.0,,2025-09-19 00:05:01,faller,0.01
Antoine Semenyo,7.5,1627.4520700194498,0.02,2025-09-19 03:05:01,riser,
Marcos Senesi Barón,4.6,600.1667129758266,0.01,2025-09-19 03:05:01,riser,
Cole Palmer,10.4,697.1936649069186,0.01,2025-09-19 03:05:01,riser,
Moisés Caicedo Corozo,5.6,576.1600444567936,0.01,2025-09-19 03:05:01,riser,
Marc Guéhi,4.7,936.2600722422895,0.01,2025-09-19 03:05:01,riser,
Alexander Isak,10.5,502.139483189775,0.01,2025-09-19 03:05:01,riser,
Jérémy Doku,6.4,505.14031675465407,0.01,2025-09-19 03:05:01,riser,
Erling Haaland,14.2,700.1944984717977,0.01,2025-09-19 03:05:01,riser,
Micky van de Ven,4.7,889.2470130591831,0.01,2025-09-19 03:05:01,riser,
Xavi Simons,7.0,501.13920533481524,0.01,2025-09-19 03:05:01,riser,
Florian Wirtz,8.3,-575.1597666018339,,2025-09-19 03:05:01,faller,0.01
Hugo Ekitiké,8.8,-878.2439566546263,,2025-09-19 03:05:01,faller,0.01
Rayan Aït-Nouri,5.9,-771.2142261739373,,2025-09-19 03:05:01,faller,0.01
Bruno Borges Fernandes,9.0,-521.1447624340095,,2025-09-19 03:05:01,faller,0.01
Ola Aina,4.9,-787.2186718532926,,2025-09-19 03:05:01,faller,0.01
Brennan Johnson,7.1,-509.14142817449294,,2025-09-19 03:05:01,faller,0.01
Aaron Wan-Bissaka,4.3,-898.2495137538206,,2025-09-19 03:05:01,faller,0.01
David Raya Martín,5.5,-95.02639622117255,,2025-09-19 03:05:01,faller,0.0
Kepa Arrizabalaga Revuelta,4.4,-10.00277854959711,,2025-09-19 03:05:01,faller,0.0
Karl Hein,4.0,-4.001111419838844,,2025-09-19 03:05:01,faller,0.0
Antoine Semenyo,7.5,1682.7662824607694,0.02,2025-09-19 05:05:00,riser,
Marcos Senesi Barón,4.6,637.9114011942786,0.01,2025-09-19 05:05:00,riser,
Cole Palmer,10.4,751.3956394945146,0.01,2025-09-19 05:05:00,riser,
Moisés Caicedo Corozo,5.6,539.9250104152201,0.01,2025-09-19 05:05:00,riser,
Marc Guéhi,4.7,881.3775864463269,0.01,2025-09-19 05:05:00,riser,
Alexander Isak,10.5,527.4267462852381,0.01,2025-09-19 05:05:00,riser,
Erling Haaland,14.2,812.8870990140258,0.01,2025-09-19 05:05:00,riser,
Micky van de Ven,4.7,943.8689070962366,0.01,2025-09-19 05:05:00,riser,
David Raya Martín,5.5,-73.48979308429385,0.0,2025-09-19 05:05:00,riser,
Kepa Arrizabalaga Revuelta,4.4,-10.998472434384112,0.0,2025-09-19 05:05:00,riser,
Florian Wirtz,8.3,-653.4092487154562,,2025-09-19 05:05:00,faller,0.01
Hugo Ekitiké,8.8,-873.8786279683377,,2025-09-19 05:05:00,faller,0.01
Rayan Aït-Nouri,5.9,-843.3828634911818,,2025-09-19 05:05:00,faller,0.01
Bruno Borges Fernandes,9.0,-517.4281349812526,,2025-09-19 05:05:00,faller,0.01
Ola Aina,4.9,-772.3927232328844,,2025-09-19 05:05:00,faller,0.01
Brennan Johnson,7.1,-530.4263296764339,,2025-09-19 05:05:00,faller,0.01
Aaron Wan-Bissaka,4.3,-872.8787668379391,,2025-09-19 05:05:00,faller,0.01
David Raya Martín,5.5,-73.48979308429385,,2025-09-19 05:05:00,faller,0.0
Kepa Arrizabalaga Revuelta,4.4,-10.998472434384112,,2025-09-19 05:05:00,faller,0.0
Karl Hein,4.0,-4.499375086793501,,2025-09-19 05:05:00,faller,0.0
Antoine Semenyo,7.5,2477.6882467352043,0.02,2025-09-19 06:05:01,riser,
Jurriën Timber,5.7,534.1483745484857,0.01,2025-09-19 06:05:01,riser,
Martín Zubimendi Ibáñez,5.4,515.1430953042512,0.01,2025-09-19 06:05:01,riser,
Marcos Senesi Barón,4.6,952.2645179216449,0.01,2025-09-19 06:05:01,riser,
Cole Palmer,10.4,1153.3203667685468,0.01,2025-09-19 06:05:01,riser,
Moisés Caicedo Corozo,5.6,787.2186718532926,0.01,2025-09-19 06:05:01,riser,
Marc Guéhi,4.7,1280.35565434843,0.01,2025-09-19 06:05:01,riser,
Virgil van Dijk,6.1,601.1669908307864,0.01,2025-09-19 06:05:01,riser,
Alexander Isak,10.5,703.1953320366769,0.01,2025-09-19 06:05:01,riser,
Jérémy Doku,6.4,652.1811614337316,0.01,2025-09-19 06:05:01,riser,
Marc Cucurella Saseta,6.2,-541.1503195332037,,2025-09-19 06:05:01,faller,0.01
Florian Wirtz,8.3,-908.2522923034177,,2025-09-19 06:05:01,faller,0.01
Hugo Ekitiké,8.8,-1255.3487079744375,,2025-09-19 06:05:01,faller,0.01
Rayan Aït-Nouri,5.9,-1208.3356487913309,,2025-09-19 06:05:01,faller,0.01
Tijjani Reijnders,5.7,-631.1753264795777,,2025-09-19 06:05:01,faller,0.01
Bruno Borges Fernandes,9.0,-778.2161711586552,,2025-09-19 06:05:01,faller,0.01
Matheus Santos Carneiro da Cunha,8.0,-659.1831064184496,,2025-09-19 06:05:01,faller,0.01
Ola Aina,4.9,-1063.295359822173,,2025-09-19 06:05:01,faller,0.01
Brennan Johnson,7.1,-726.2017227007502,,2025-09-19 06:05:01,faller,0.01
Aaron Wan-Bissaka,4.3,-1330.3695470964158,,2025-09-19 06:05:01,faller,0.01
Antoine Semenyo,7.5,3641.6666666666665,0.04,2025-09-19 07:05:01,riser,
Cole Palmer,10.4,1687.037037037037,0.02,2025-09-19 07:05:01,riser,
Marc Guéhi,4.7,1663.8888888888887,0.02,2025-09-19 07:05:01,riser,
Erling Haaland,14.2,1661.111111111111,0.02,2025-09-19 07:05:01,riser,
Micky van de Ven,4.7,1740.7407407407406,0.02,2025-09-19 07:05:01,riser,
Jurriën Timber,5.7,800.0,0.01,2025-09-19 07:05:01,riser,
Martín Zubimendi Ibáñez,5.4,743.5185185185185,0.01,2025-09-19 07:05:01,riser,
Marcos Senesi Barón,4.6,1287.037037037037,0.01,2025-09-19 07:05:01,riser,
Moisés Caicedo Corozo,5.6,1058.3333333333333,0.01,2025-09-19 07:05:01,riser,
João Pedro Junqueira de Jesus,7.8,722.2222222222222,0.01,2025-09-19 07:05:01,riser,
Hugo Ekitiké,8.8,-1810.185185185185,,2025-09-19 07:05:01,faller,0.02
Rayan Aït-Nouri,5.9,-1639.8148148148148,,2025-09-19 07:05:01,faller,0.02
Aaron Wan-Bissaka,4.3,-1777.7777777777776,,2025-09-19 07:05:01,faller,0.02
Ollie Watkins,8.8,-578.7037037037037,,2025-09-19 07:05:01,faller,0.01
Robert Lynch Sánchez,5.0,-707.4074074074074,,2025-09-19 07:05:01,faller,0.01
Marc Cucurella Saseta,6.2,-653.7037037037037,,2025-09-19 07:05:01,faller,0.01
Marc Guiu Paz,4.4,-505.55555555555554,,2025-09-19 07:05:01,faller,0.01
Ismaïla Sarr,6.5,-672.2222222222222,,2025-09-19 07:05:01,faller,0.01
Florian Wirtz,8.3,-1404.6296296296296,,2025-09-19 07:05:01,faller,0.01
Omar Marmoush,8.3,-573.1481481481482,,2025-09-19 07:05:01,faller,0.01
Antoine Semenyo,7.5,6364.183422537249,0.06,2025-09-19 09:05:01,riser,
Cole Palmer,10.4,2814.176189787357,0.03,2025-09-19 09:05:01,riser,
Marc Guéhi,4.7,2838.131057428034,0.03,2025-09-19 09:05:01,riser,
Erling Haaland,14.2,3060.4947200925794,0.03,2025-09-19 09:05:01,riser,
Micky van de Ven,4.7,2970.4035874439464,0.03,2025-09-19 09:05:01,riser,
Marcos Senesi Barón,4.6,2199.6817590047735,0.02,2025-09-19 09:05:01,riser,
Moisés Caicedo Corozo,5.6,1888.7892376681614,0.02,2025-09-19 09:05:01,riser,
Alexander Isak,10.5,1781.5130912773036,0.02,2025-09-19 09:05:01,riser,
Xavi Simons,7.0,1629.9725155504123,0.02,2025-09-19 09:05:01,riser,
Jurriën Timber,5.7,1365.4274555185882,0.01,2025-09-19 09:05:01,riser,
Hugo Ekitiké,8.8,-3183.9143642412846,,2025-09-19 09:05:01,faller,0.03
Rayan Aït-Nouri,5.9,-2848.5462172718067,,2025-09-19 09:05:01,faller,0.03
Aaron Wan-Bissaka,4.3,-3094.34398958484,,2025-09-19 09:05:01,faller,0.03
Florian Wirtz,8.3,-2473.0797049038047,,2025-09-19 09:05:01,faller,0.02
Bruno Borges Fernandes,9.0,-1947.114132793288,,2025-09-19 09:05:01,faller,0.02
Matheus Santos Carneiro da Cunha,8.0,-1564.8777665268335,,2025-09-19 09:05:01,faller,0.02
Ola Aina,4.9,-2447.041805294373,,2025-09-19 09:05:01,faller,0.02
Brennan Johnson,7.1,-1682.569072761464,,2025-09-19 09:05:01,faller,0.02
Bukayo Saka,9.8,-596.2679010559815,,2025-09-19 09:05:01,faller,0.01
Declan Rice,6.5,-610.3283668450745,,2025-09-19 09:05:01,faller,0.01
Antoine Semenyo,7.5,8342.0,0.08,2025-09-19 10:05:01,riser,
Cole Palmer,10.4,3752.0,0.04,2025-09-19 10:05:01,riser,
Marc Guéhi,4.7,3760.0,0.04,2025-09-19 10:05:01,riser,
Erling Haaland,14.2,3546.0,0.04,2025-09-19 10:05:01,riser,
Micky van de Ven,4.7,3853.0,0.04,2025-09-19 10:05:01,riser,
Marcos Senesi Barón,4.6,2789.0,0.03,2025-09-19 10:05:01,riser,
Jurriën Timber,5.7,1634.0,0.02,2025-09-19 10:05:01,riser,
Moisés Caicedo Corozo,5.6,2313.0,0.02,2025-09-19 10:05:01,riser,
João Pedro Junqueira de Jesus,7.8,1590.0,0.02,2025-09-19 10:05:01,riser,
Virgil van Dijk,6.1,1823.0,0.02,2025-09-19 10:05:01,riser,
Hugo Ekitiké,8.8,-4123.0,,2025-09-19 10:05:01,faller,0.04
Rayan Aït-Nouri,5.9,-3825.0,,2025-09-19 10:05:01,faller,0.04
Aaron Wan-Bissaka,4.3,-3909.0,,2025-09-19 10:05:01,faller,0.04
Florian Wirtz,8.3,-3241.0,,2025-09-19 10:05:01,faller,0.03
Ola Aina,4.9,-3205.0,,2025-09-19 10:05:01,faller,0.03
Marc Cucurella Saseta,6.2,-1540.0,,2025-09-19 10:05:01,faller,0.02
Ismaïla Sarr,6.5,-1535.0,,2025-09-19 10:05:01,faller,0.02
Tijjani Reijnders,5.7,-1872.0,,2025-09-19 10:05:01,faller,0.02
Bruno Borges Fernandes,9.0,-2500.0,,2025-09-19 10:05:01,faller,0.02
Matheus Santos Carneiro da Cunha,8.0,-2066.0,,2025-09-19 10:05:01,faller,0.02
Antoine Semenyo,7.5,10642.978191415474,0.11,2025-09-19 12:05:01,riser,
Cole Palmer,10.4,4706.153632448952,0.05,2025-09-19 12:05:01,riser,
Marc Guéhi,4.7,4896.180025003473,0.05,2025-09-19 12:05:01,riser,
Micky van de Ven,4.7,4853.17405195166,0.05,2025-09-19 12:05:01,riser,
Erling Haaland,14.2,4065.5646617585776,0.04,2025-09-19 12:05:01,riser,
Marcos Senesi Barón,4.6,3453.979719405473,0.03,2025-09-19 12:05:01,riser,
Moisés Caicedo Corozo,5.6,2824.892346159189,0.03,2025-09-19 12:05:01,riser,
Alexander Isak,10.5,2841.394638144187,0.03,2025-09-19 12:05:01,riser,
Xavi Simons,7.0,2570.356994026948,0.03,2025-09-19 12:05:01,riser,
Jurriën Timber,5.7,2178.302542019725,0.02,2025-09-19 12:05:01,riser,
Hugo Ekitiké,8.8,-4903.180997360745,,2025-09-19 12:05:01,faller,0.05
Rayan Aït-Nouri,5.9,-4893.179608278928,,2025-09-19 12:05:01,faller,0.05
Aaron Wan-Bissaka,4.3,-5081.205723017086,,2025-09-19 12:05:01,faller,0.05
Florian Wirtz,8.3,-3737.019030420892,,2025-09-19 12:05:01,faller,0.04
Ola Aina,4.9,-4359.605500763995,,2025-09-19 12:05:01,faller,0.04
Bruno Borges Fernandes,9.0,-3195.443811640506,,2025-09-19 12:05:01,faller,0.03
Matheus Santos Carneiro da Cunha,8.0,-2566.3564383942216,,2025-09-19 12:05:01,faller,0.03
Brennan Johnson,7.1,-2688.373385192388,,2025-09-19 12:05:01,faller,0.03
Robert Lynch Sánchez,5.0,-1886.261980830671,,2025-09-19 12:05:01,faller,0.02
Marc Cucurella Saseta,6.2,-1988.7762189192945,,2025-09-19 12:05:01,faller,0.02
Antoine Semenyo,7.5,11204.887531241322,0.11,2025-09-19 13:05:02,riser,
Cole Palmer,10.4,4927.631213551791,0.05,2025-09-19 13:05:02,riser,
Marc Guéhi,4.7,5256.539850041655,0.05,2025-09-19 13:05:02,riser,
Micky van de Ven,4.7,5111.580116634268,0.05,2025-09-19 13:05:02,riser,
Marcos Senesi Barón,4.6,3796.9452929741738,0.04,2025-09-19 13:05:02,riser,
Erling Haaland,14.2,4230.824770896973,0.04,2025-09-19 13:05:02,riser,
Moisés Caicedo Corozo,5.6,2983.171341294085,0.03,2025-09-19 13:05:02,riser,
Alexander Isak,10.5,2964.1766176062206,0.03,2025-09-19 13:05:02,riser,
Xavi Simons,7.0,2798.2227159122463,0.03,2025-09-19 13:05:02,riser,
Jurriën Timber,5.7,2425.3262982504857,0.02,2025-09-19 13:05:02,riser,
Hugo Ekitiké,8.8,-5150.569286309358,,2025-09-19 13:05:02,faller,0.05
Rayan Aït-Nouri,5.9,-5174.562621494029,,2025-09-19 13:05:02,faller,0.05
Aaron Wan-Bissaka,4.3,-5249.541793946126,,2025-09-19 13:05:02,faller,0.05
Florian Wirtz,8.3,-4051.8744793113024,,2025-09-19 13:05:02,faller,0.04
Ola Aina,4.9,-4450.763676756456,,2025-09-19 13:05:02,faller,0.04
Tijjani Reijnders,5.7,-2647.2646487086918,,2025-09-19 13:05:02,faller,0.03
Bruno Borges Fernandes,9.0,-3148.1255206886976,,2025-09-19 13:05:02,faller,0.03
Matheus Santos Carneiro da Cunha,8.0,-2772.229936128853,,2025-09-19 13:05:02,faller,0.03
Brennan Johnson,7.1,-2826.2149402943623,,2025-09-19 13:05:02,faller,0.03
Ollie Watkins,8.8,-1623.5490141627324,,2025-09-19 13:05:02,faller,0.02
Antoine Semenyo,7.5,11717.0,0.12,2025-09-19 14:05:02,riser,
Marc Guéhi,4.7,5524.0,0.06,2025-09-19 14:05:02,riser,
Cole Palmer,10.4,4889.0,0.05,2025-09-19 14:05:02,riser,
Micky van de Ven,4.7,5312.0,0.05,2025-09-19 14:05:02,riser,
Marcos Senesi Barón,4.6,4072.0,0.04,2025-09-19 14:05:02,riser,
Erling Haaland,14.2,4242.0,0.04,2025-09-19 14:05:02,riser,
Moisés Caicedo Corozo,5.6,2927.0,0.03,2025-09-19 14:05:02,riser,
Virgil van Dijk,6.1,2546.0,0.03,2025-09-19 14:05:02,riser,
Alexander Isak,10.5,2761.0,0.03,2025-09-19 14:05:02,riser,
Xavi Simons,7.0,2985.0,0.03,2025-09-19 14:05:02,riser,
Hugo Ekitiké,8.8,-5060.0,,2025-09-19 14:05:02,faller,0.05
Rayan Aït-Nouri,5.9,-5286.0,,2025-09-19 14:05:02,faller,0.05
Aaron Wan-Bissaka,4.3,-5364.0,,2025-09-19 14:05:02,faller,0.05
Florian Wirtz,8.3,-4083.0,,2025-09-19 14:05:02,faller,0.04
Ola Aina,4.9,-4430.0,,2025-09-19 14:05:02,faller,0.04
Bruno Borges Fernandes,9.0,-3282.0,,2025-09-19 14:05:02,faller,0.03
Brennan Johnson,7.1,-2978.0,,2025-09-19 14:05:02,faller,0.03
Ollie Watkins,8.8,-1509.0,,2025-09-19 14:05:02,faller,0.02
Robert Lynch Sánchez,5.0,-2095.0,,2025-09-19 14:05:02,faller,0.02
Marc Cucurella Saseta,6.2,-2284.0,,2025-09-19 14:05:02,faller,0.02
Antoine Semenyo,7.5,11963.161550215307,0.12,2025-09-19 16:05:01,riser,
Marc Guéhi,4.7,5734.2964300597305,0.06,2025-09-19 16:05:01,riser,
Micky van de Ven,4.7,5664.786775941103,0.06,2025-09-19 16:05:01,riser,
Cole Palmer,10.4,5284.23392137797,0.05,2025-09-19 16:05:01,riser,
Marcos Senesi Barón,4.6,4193.082372551743,0.04,2025-09-19 16:05:01,riser,
Erling Haaland,14.2,4385.109042922628,0.04,2025-09-19 16:05:01,riser,
Moisés Caicedo Corozo,5.6,3103.43103208779,0.03,2025-09-19 16:05:01,riser,
Virgil van Dijk,6.1,2861.8974857619114,0.03,2025-09-19 16:05:01,riser,
Alexander Isak,10.5,2919.405472982359,0.03,2025-09-19 16:05:01,riser,
Nick Woltemade,7.0,2747.3815807751075,0.03,2025-09-19 16:05:01,riser,
Rayan Aït-Nouri,5.9,-5560.772329490207,,2025-09-19 16:05:01,faller,0.06
Aaron Wan-Bissaka,4.3,-5603.278233087929,,2025-09-19 16:05:01,faller,0.06
Hugo Ekitiké,8.8,-5179.219336018891,,2025-09-19 16:05:01,faller,0.05
Ola Aina,4.9,-4986.192526739825,,2025-09-19 16:05:01,faller,0.05
Florian Wirtz,8.3,-4437.616335602167,,2025-09-19 16:05:01,faller,0.04
Bruno Borges Fernandes,9.0,-3519.488817891374,,2025-09-19 16:05:01,faller,0.04
Tijjani Reijnders,5.7,-2724.8784553410196,,2025-09-19 16:05:01,faller,0.03
Brennan Johnson,7.1,-3185.9424920127794,,2025-09-19 16:05:01,faller,0.03
Ollie Watkins,8.8,-1688.2344770106959,,2025-09-19 16:05:01,faller,0.02
Robert Lynch Sánchez,5.0,-2173.3018474788164,,2025-09-19 16:05:01,faller,0.02
Antoine Semenyo,7.5,13018.383782282699,0.13,2025-09-19 17:05:01,riser,
Cole Palmer,10.4,5639.433490697028,0.06,2025-09-19 17:05:01,riser,
Marc Guéhi,4.7,6165.287420161066,0.06,2025-09-19 17:05:01,riser,
Micky van de Ven,4.7,6189.280755345737,0.06,2025-09-19 17:05:01,riser,
Marcos Senesi Barón,4.6,4509.747292418772,0.05,2025-09-19 17:05:01,riser,
Erling Haaland,14.2,4715.690086087197,0.05,2025-09-19 17:05:01,riser,
Moisés Caicedo Corozo,5.6,3549.0141627325743,0.04,2025-09-19 17:05:01,riser,
Jurriën Timber,5.7,2684.2543737850597,0.03,2025-09-19 17:05:01,riser,
Virgil van Dijk,6.1,3049.15301305193,0.03,2025-09-19 17:05:01,riser,
Alexander Isak,10.5,3194.112746459317,0.03,2025-09-19 17:05:01,riser,
Hugo Ekitiké,8.8,-5552.457650652596,,2025-09-19 17:05:01,faller,0.06
Rayan Aït-Nouri,5.9,-5959.344626492641,,2025-09-19 17:05:01,faller,0.06
Aaron Wan-Bissaka,4.3,-6124.298805887253,,2025-09-19 17:05:01,faller,0.06
Florian Wirtz,8.3,-4907.636767564565,,2025-09-19 17:05:01,faller,0.05
Ola Aina,4.9,-5258.539294640377,,2025-09-19 17:05:01,faller,0.05
Bruno Borges Fernandes,9.0,-3947.9033601777282,,2025-09-19 17:05:01,faller,0.04
Brennan Johnson,7.1,-3546.0149958344905,,2025-09-19 17:05:01,faller,0.04
Marc Cucurella Saseta,6.2,-2538.2949180783116,,2025-09-19 17:05:01,faller,0.03
Tijjani Reijnders,5.7,-2892.1966120522075,,2025-09-19 17:05:01,faller,0.03
Ollie Watkins,8.8,-1848.4865315190225,,2025-09-19 17:05:01,faller,0.02
Antoine Semenyo,7.5,20457.520661157025,0.2,2025-09-19 17:40:23,riser,
Marc Guéhi,4.7,9511.735537190081,0.1,2025-09-19 17:40:23,riser,
Cole Palmer,10.4,8965.785123966942,0.09,2025-09-19 17:40:23,riser,
Micky van de Ven,4.7,9171.074380165288,0.09,2025-09-19 17:40:23,riser,
Marcos Senesi Barón,4.6,7226.776859504132,0.07,2025-09-19 17:40:23,riser,
Erling Haaland,14.2,7204.462809917355,0.07,2025-09-19 17:40:23,riser,
Moisés Caicedo Corozo,5.6,5444.628099173553,0.05,2025-09-19 17:40:23,riser,
Virgil van Dijk,6.1,4851.074380165289,0.05,2025-09-19 17:40:23,riser,
Alexander Isak,10.5,4824.297520661156,0.05,2025-09-19 17:40:23,riser,
Nick Woltemade,7.0,4906.115702479338,0.05,2025-09-19 17:40:23,riser,
Hugo Ekitiké,8.8,-8602.809917355371,,2025-09-19 17:40:23,faller,0.09
Rayan Aït-Nouri,5.9,-9495.371900826445,,2025-09-19 17:40:23,faller,0.09
Aaron Wan-Bissaka,4.3,-9441.81818181818,,2025-09-19 17:40:23,faller,0.09
Florian Wirtz,8.3,-7710.247933884297,,2025-09-19 17:40:23,faller,0.08
Ola Aina,4.9,-8303.801652892562,,2025-09-19 17:40:23,faller,0.08
Bruno Borges Fernandes,9.0,-6122.97520661157,,2025-09-19 17:40:23,faller,0.06
Tijjani Reijnders,5.7,-4666.611570247934,,2025-09-19 17:40:23,faller,0.05
Brennan Johnson,7.1,-5435.702479338843,,2025-09-19 17:40:23,faller,0.05
Robert Lynch Sánchez,5.0,-3568.760330578512,,2025-09-19 17:40:23,faller,0.04
Marc Cucurella Saseta,6.2,-3708.5950413223136,,2025-09-19 17:40:23,faller,0.04
David Raya Martín,5.5,0.0,0.0,2025-09-19 17:53:39,riser,
Kepa Arrizabalaga Revuelta,4.4,0.0,0.0,2025-09-19 17:53:39,riser,
Karl Hein,4.0,0.0,0.0,2025-09-19 17:53:39,riser,
Tommy Setford,4.0,0.0,0.0,2025-09-19 17:53:39,riser,
Gabriel dos Santos Magalhães,6.1,0.0,0.0,2025-09-19 17:53:39,riser,
William Saliba,6.0,0.0,0.0,2025-09-19 17:53:39,riser,
Riccardo Calafiori,5.7,0.0,0.0,2025-09-19 17:53:39,riser,
Jurriën Timber,5.7,0.0,0.0,2025-09-19 17:53:39,riser,
Jakub Kiwior,5.4,0.0,0.0,2025-09-19 17:53:39,riser,
Myles Lewis-Skelly,5.3,0.0,0.0,2025-09-19 17:53:39,riser,
David Raya Martín,5.5,0.0,,2025-09-19 17:53:39,faller,-0.0
Kepa Arrizabalaga Revuelta,4.4,0.0,,2025-09-19 17:53:39,faller,-0.0
Karl Hein,4.0,0.0,,2025-09-19 17:53:39,faller,-0.0
Tommy Setford,4.0,0.0,,2025-09-19 17:53:39,faller,-0.0
Gabriel dos Santos Magalhães,6.1,0.0,,2025-09-19 17:53:39,faller,-0.0
William Saliba,6.0,0.0,,2025-09-19 17:53:39,faller,-0.0
Riccardo Calafiori,5.7,0.0,,2025-09-19 17:53:39,faller,-0.0
Jurriën Timber,5.7,0.0,,2025-09-19 17:53:39,faller,-0.0
Jakub Kiwior,5.4,0.0,,2025-09-19 17:53:39,faller,-0.0
Myles Lewis-Skelly,5.3,0.0,,2025-09-19 17:53:39,faller,-0.0
Antoine Semenyo,7.5,15794.511805998724,0.16,2025-09-19 18:19:47,riser,
Cole Palmer,10.4,6940.395660497767,0.07,2025-09-19 18:19:47,riser,
Marc Guéhi,4.7,7121.888959795789,0.07,2025-09-19 18:19:47,riser,
Micky van de Ven,4.7,7188.51308232291,0.07,2025-09-19 18:19:47,riser,
Marcos Senesi Barón,4.6,5451.691129546905,0.05,2025-09-19 18:19:47,riser,
Erling Haaland,14.2,5385.067007019783,0.05,2025-09-19 18:19:47,riser,
Moisés Caicedo Corozo,5.6,4110.019144862796,0.04,2025-09-19 18:19:47,riser,
Alexander Isak,10.5,3712.571793235482,0.04,2025-09-19 18:19:47,riser,
Nick Woltemade,7.0,3678.111040204212,0.04,2025-09-19 18:19:47,riser,
Xavi Simons,7.0,4022.7185705169113,0.04,2025-09-19 18:19:47,riser,
Hugo Ekitiké,8.8,-6563.624760689216,,2025-09-19 18:19:47,faller,0.07
Rayan Aït-Nouri,5.9,-7046.075303126994,,2025-09-19 18:19:47,faller,0.07
Aaron Wan-Bissaka,4.3,-7275.8136566687945,,2025-09-19 18:19:47,faller,0.07
Florian Wirtz,8.3,-5663.050414805361,,2025-09-19 18:19:47,faller,0.06
Ola Aina,4.9,-6163.880025526484,,2025-09-19 18:19:47,faller,0.06
Bruno Borges Fernandes,9.0,-4688.959795788131,,2025-09-19 18:19:47,faller,0.05
Tijjani Reijnders,5.7,-3682.705807275048,,2025-09-19 18:19:47,faller,0.04
Brennan Johnson,7.1,-4130.695596681558,,2025-09-19 18:19:47,faller,0.04
Robert Lynch Sánchez,5.0,-2704.0204211869814,,2025-09-19 18:19:47,faller,0.03
Marc Cucurella Saseta,6.2,-2885.5137204850034,,2025-09-19 18:19:47,faller,0.03
David Raya Martín,5.5,0.0,0.0,2025-09-19 18:24:46,riser,
Kepa Arrizabalaga Revuelta,4.4,0.0,0.0,2025-09-19 18:24:46,riser,
Karl Hein,4.0,0.0,0.0,2025-09-19 18:24:46,riser,
Tommy Setford,4.0,0.0,0.0,2025-09-19 18:24:46,riser,
Gabriel dos Santos Magalhães,6.1,0.0,0.0,2025-09-19 18:24:46,riser,
William Saliba,6.0,0.0,0.0,2025-09-19 18:24:46,riser,
Riccardo Calafiori,5.7,0.0,0.0,2025-09-19 18:24:46,riser,
Jurriën Timber,5.7,0.0,0.0,2025-09-19 18:24:46,riser,
Jakub Kiwior,5.4,0.0,0.0,2025-09-19 18:24:46,riser,
Myles Lewis-Skelly,5.3,0.0,0.0,2025-09-19 18:24:46,riser,
David Raya Martín,5.5,0.0,,2025-09-19 18:24:46,faller,-0.0
Kepa Arrizabalaga Revuelta,4.4,0.0,,2025-09-19 18:24:46,faller,-0.0
Karl Hein,4.0,0.0,,2025-09-19 18:24:46,faller,-0.0
Tommy Setford,4.0,0.0,,2025-09-19 18:24:46,faller,-0.0
Gabriel dos Santos Magalhães,6.1,0.0,,2025-09-19 18:24:46,faller,-0.0
William Saliba,6.0,0.0,,2025-09-19 18:24:46,faller,-0.0
Riccardo Calafiori,5.7,0.0,,2025-09-19 18:24:46,faller,-0.0
Jurriën Timber,5.7,0.0,,2025-09-19 18:24:46,faller,-0.0
Jakub Kiwior,5.4,0.0,,2025-09-19 18:24:46,faller,-0.0
Myles Lewis-Skelly,5.3,0.0,,2025-09-19 18:24:46,faller,-0.0
David Raya Martín,5.5,0.0,0.0,2025-09-19 18:32:24,riser,
Kepa Arrizabalaga Revuelta,4.4,0.0,0.0,2025-09-19 18:32:24,riser,
Karl Hein,4.0,0.0,0.0,2025-09-19 18:32:24,riser,
Tommy Setford,4.0,0.0,0.0,2025-09-19 18:32:24,riser,
Gabriel dos Santos Magalhães,6.1,0.0,0.0,2025-09-19 18:32:24,riser,
William Saliba,6.0,0.0,0.0,2025-09-19 18:32:24,riser,
Riccardo Calafiori,5.7,0.0,0.0,2025-09-19 18:32:24,riser,
Jurriën Timber,5.7,0.0,0.0,2025-09-19 18:32:24,riser,
Jakub Kiwior,5.4,0.0,0.0,2025-09-19 18:32:24,riser,
Myles Lewis-Skelly,5.3,0.0,0.0,2025-09-19 18:32:24,riser,
David Raya Martín,5.5,0.0,,2025-09-19 18:32:24,faller,-0.0
Kepa Arrizabalaga Revuelta,4.4,0.0,,2025-09-19 18:32:24,faller,-0.0
Karl Hein,4.0,0.0,,2025-09-19 18:32:24,faller,-0.0
Tommy Setford,4.0,0.0,,2025-09-19 18:32:24,faller,-0.0
Gabriel dos Santos Magalhães,6.1,0.0,,2025-09-19 18:32:24,faller,-0.0
William Saliba,6.0,0.0,,2025-09-19 18:32:24,faller,-0.0
Riccardo Calafiori,5.7,0.0,,2025-09-19 18:32:24,faller,-0.0
Jurriën Timber,5.7,0.0,,2025-09-19 18:32:24,faller,-0.0
Jakub Kiwior,5.4,0.0,,2025-09-19 18:32:24,faller,-0.0
Myles Lewis-Skelly,5.3,0.0,,2025-09-19 18:32:24,faller,-0.0
Antoine Semenyo,7.5,21709.175738724727,0.22,2025-09-19 18:53:51,riser,
Marc Guéhi,4.7,9968.584758942457,0.1,2025-09-19 18:53:51,riser,
Micky van de Ven,4.7,9758.631415241058,0.1,2025-09-19 18:53:51,riser,
Cole Palmer,10.4,9165.163297045101,0.09,2025-09-19 18:53:51,riser,
Erling Haaland,14.2,7754.276827371696,0.08,2025-09-19 18:53:51,riser,
Marcos Senesi Barón,4.6,7477.138413685848,0.07,2025-09-19 18:53:51,riser,
Moisés Caicedo Corozo,5.6,5562.363919129082,0.06,2025-09-19 18:53:51,riser,
Jurriën Timber,5.7,4576.982892690513,0.05,2025-09-19 18:53:51,riser,
Virgil van Dijk,6.1,4840.124416796268,0.05,2025-09-19 18:53:51,riser,
Alexander Isak,10.5,4781.337480559876,0.05,2025-09-19 18:53:51,riser,
Rayan Aït-Nouri,5.9,-10156.143079315707,,2025-09-19 18:53:51,faller,0.1
Aaron Wan-Bissaka,4.3,-9990.979782270606,,2025-09-19 18:53:51,faller,0.1
Hugo Ekitiké,8.8,-9165.163297045101,,2025-09-19 18:53:51,faller,0.09
Florian Wirtz,8.3,-7922.239502332815,,2025-09-19 18:53:51,faller,0.08
Ola Aina,4.9,-8400.933125972006,,2025-09-19 18:53:51,faller,0.08
Bruno Borges Fernandes,9.0,-6455.365474339036,,2025-09-19 18:53:51,faller,0.06
Brennan Johnson,7.1,-5573.561430793157,,2025-09-19 18:53:51,faller,0.06
Tijjani Reijnders,5.7,-4820.528771384137,,2025-09-19 18:53:51,faller,0.05
Robert Lynch Sánchez,5.0,-3602.799377916019,,2025-09-19 18:53:51,faller,0.04
Marc Cucurella Saseta,6.2,-3860.3421461897356,,2025-09-19 18:53:51,faller,0.04
Antoine Semenyo,7.5,19101.176470588234,0.19,2025-09-19 19:17:56,riser,
Marc Guéhi,4.7,9088.442906574393,0.09,2025-09-19 19:17:56,riser,
Cole Palmer,10.4,8099.377162629758,0.08,2025-09-19 19:17:56,riser,
Micky van de Ven,4.7,8171.6262975778545,0.08,2025-09-19 19:17:56,riser,
Marcos Senesi Barón,4.6,6781.4532871972315,0.07,2025-09-19 19:17:56,riser,
Erling Haaland,14.2,6504.913494809688,0.07,2025-09-19 19:17:56,riser,
Moisés Caicedo Corozo,5.6,4927.889273356401,0.05,2025-09-19 19:17:56,riser,
Alexander Isak,10.5,4596.5397923875435,0.05,2025-09-19 19:17:56,riser,
Xavi Simons,7.0,4638.892733564014,0.05,2025-09-19 19:17:56,riser,
Jurriën Timber,5.7,3799.3079584775087,0.04,2025-09-19 19:17:56,riser,
Rayan Aït-Nouri,5.9,-8734.671280276816,,2025-09-19 19:17:56,faller,0.09
Aaron Wan-Bissaka,4.3,-9006.22837370242,,2025-09-19 19:17:56,faller,0.09
Hugo Ekitiké,8.8,-7870.173010380622,,2025-09-19 19:17:56,faller,0.08
Florian Wirtz,8.3,-7107.820069204152,,2025-09-19 19:17:56,faller,0.07
Ola Aina,4.9,-7329.550173010381,,2025-09-19 19:17:56,faller,0.07
Bruno Borges Fernandes,9.0,-5543.252595155709,,2025-09-19 19:17:56,faller,0.06
Brennan Johnson,7.1,-4897.993079584775,,2025-09-19 19:17:56,faller,0.05
Tijjani Reijnders,5.7,-4347.404844290657,,2025-09-19 19:17:56,faller,0.04
Ollie Watkins,8.8,-2578.546712802768,,2025-09-19 19:17:56,faller,0.03
Robert Lynch Sánchez,5.0,-3288.5813148788925,,2025-09-19 19:17:56,faller,0.03
Antoine Semenyo,7.5,22582.58164852255,0.23,2025-09-19 19:39:21,riser,
Marc Guéhi,4.7,9730.637636080872,0.1,2025-09-19 19:39:21,riser,
Micky van de Ven,4.7,9649.45567651633,0.1,2025-09-19 19:39:21,riser,
Cole Palmer,10.4,9114.774494556765,0.09,2025-09-19 19:39:21,riser,
Marcos Senesi Barón,4.6,7804.665629860031,0.08,2025-09-19 19:39:21,riser,
Erling Haaland,14.2,7549.922239502333,0.08,2025-09-19 19:39:21,riser,
Moisés Caicedo Corozo,5.6,5741.524105754277,0.06,2025-09-19 19:39:21,riser,
Virgil van Dijk,6.1,4761.741835147745,0.05,2025-09-19 19:39:21,riser,
Alexander Isak,10.5,4851.321928460342,0.05,2025-09-19 19:39:21,riser,
Nick Woltemade,7.0,4862.519440124417,0.05,2025-09-19 19:39:21,riser,
Rayan Aït-Nouri,5.9,-9876.205287713841,,2025-09-19 19:39:21,faller,0.1
Aaron Wan-Bissaka,4.3,-10069.36236391913,,2025-09-19 19:39:21,faller,0.1
Hugo Ekitiké,8.8,-9081.181959564541,,2025-09-19 19:39:21,faller,0.09
Florian Wirtz,8.3,-8479.315707620528,,2025-09-19 19:39:21,faller,0.08
Ola Aina,4.9,-8126.5940902021775,,2025-09-19 19:39:21,faller,0.08
Bruno Borges Fernandes,9.0,-6486.158631415241,,2025-09-19 19:39:21,faller,0.06
Brennan Johnson,7.1,-5587.55832037325,,2025-09-19 19:39:21,faller,0.06
Tijjani Reijnders,5.7,-5036.0808709175735,,2025-09-19 19:39:21,faller,0.05
Robert Lynch Sánchez,5.0,-3661.5863141524105,,2025-09-19 19:39:21,faller,0.04
Marc Cucurella Saseta,6.2,-3980.7153965785383,,2025-09-19 19:39:21,faller,0.04
David Raya Martín,5.5,0.0,0.0,2025-09-19 19:52:49,riser,
Kepa Arrizabalaga Revuelta,4.4,0.0,0.0,2025-09-19 19:52:49,riser,
Karl Hein,4.0,0.0,0.0,2025-09-19 19:52:49,riser,
Tommy Setford,4.0,0.0,0.0,2025-09-19 19:52:49,riser,
Gabriel dos Santos Magalhães,6.1,0.0,0.0,2025-09-19 19:52:49,riser,
William Saliba,6.0,0.0,0.0,2025-09-19 19:52:49,riser,
Riccardo Calafiori,5.7,0.0,0.0,2025-09-19 19:52:49,riser,
Jurriën Timber,5.7,0.0,0.0,2025-09-19 19:52:49,riser,
Jakub Kiwior,5.4,0.0,0.0,2025-09-19 19:52:49,riser,
Myles Lewis-Skelly,5.3,0.0,0.0,2025-09-19 19:52:49,riser,
David Raya Martín,5.5,0.0,,2025-09-19 19:52:49,faller,-0.0
Kepa Arrizabalaga Revuelta,4.4,0.0,,2025-09-19 19:52:49,faller,-0.0
Karl Hein,4.0,0.0,,2025-09-19 19:52:49,faller,-0.0
Tommy Setford,4.0,0.0,,2025-09-19 19:52:49,faller,-0.0
Gabriel dos Santos Magalhães,6.1,0.0,,2025-09-19 19:52:49,faller,-0.0
William Saliba,6.0,0.0,,2025-09-19 19:52:49,faller,-0.0
Riccardo Calafiori,5.7,0.0,,2025-09-19 19:52:49,faller,-0.0
Jurriën Timber,5.7,0.0,,2025-09-19 19:52:49,faller,-0.0
Jakub Kiwior,5.4,0.0,,2025-09-19 19:52:49,faller,-0.0
Myles Lewis-Skelly,5.3,0.0,,2025-09-19 19:52:49,faller,-0.0
Antoine Semenyo,7.5,14987.793427230048,0.15,2025-09-19 20:24:46,riser,
Marc Guéhi,4.7,6796.2441314554,0.07,2025-09-19 20:24:46,riser,
Micky van de Ven,4.7,6567.136150234742,0.07,2025-09-19 20:24:46,riser,
Cole Palmer,10.4,6360.56338028169,0.06,2025-09-19 20:24:46,riser,
Marcos Senesi Barón,4.6,5374.647887323944,0.05,2025-09-19 20:24:46,riser,
Erling Haaland,14.2,5162.441314553991,0.05,2025-09-19 20:24:46,riser,
Moisés Caicedo Corozo,5.6,3800.9389671361505,0.04,2025-09-19 20:24:46,riser,
Xavi Simons,7.0,3660.0938967136153,0.04,2025-09-19 20:24:46,riser,
Jurriën Timber,5.7,2845.0704225352115,0.03,2025-09-19 20:24:46,riser,
Virgil van Dijk,6.1,3252.582159624413,0.03,2025-09-19 20:24:46,riser,
Rayan Aït-Nouri,5.9,-6655.399061032864,,2025-09-19 20:24:46,faller,0.07
Aaron Wan-Bissaka,4.3,-6888.262910798122,,2025-09-19 20:24:46,faller,0.07
Hugo Ekitiké,8.8,-6045.070422535212,,2025-09-19 20:24:46,faller,0.06
Ola Aina,4.9,-5502.347417840376,,2025-09-19 20:24:46,faller,0.06
Florian Wirtz,8.3,-5370.892018779343,,2025-09-19 20:24:46,faller,0.05
Tijjani Reijnders,5.7,-3506.103286384977,,2025-09-19 20:24:46,faller,0.04
Bruno Borges Fernandes,9.0,-4197.183098591549,,2025-09-19 20:24:46,faller,0.04
Brennan Johnson,7.1,-3797.1830985915494,,2025-09-19 20:24:46,faller,0.04
Marc Cucurella Saseta,6.2,-2617.8403755868544,,2025-09-19 20:24:46,faller,0.03
Ismaïla Sarr,6.5,-2516.431924882629,,2025-09-19 20:24:46,faller,0.03
Antoine Semenyo,7.5,31346.708463949846,0.31,2025-09-19 20:40:42,riser,
Marc Guéhi,4.7,13531.034482758621,0.14,2025-09-19 20:40:42,riser,
Micky van de Ven,4.7,12763.636363636364,0.13,2025-09-19 20:40:42,riser,
Cole Palmer,10.4,12000.000000000002,0.12,2025-09-19 20:40:42,riser,
Marcos Senesi Barón,4.6,11006.89655172414,0.11,2025-09-19 20:40:42,riser,
Erling Haaland,14.2,10111.598746081505,0.1,2025-09-19 20:40:42,riser,
Moisés Caicedo Corozo,5.6,7414.4200626959255,0.07,2025-09-19 20:40:42,riser,
Virgil van Dijk,6.1,6504.075235109718,0.07,2025-09-19 20:40:42,riser,
Xavi Simons,7.0,7316.614420062697,0.07,2025-09-19 20:40:42,riser,
Alexander Isak,10.5,6112.852664576803,0.06,2025-09-19 20:40:42,riser,
Rayan Aït-Nouri,5.9,-13500.940438871474,,2025-09-19 20:40:42,faller,0.14
Aaron Wan-Bissaka,4.3,-13406.89655172414,,2025-09-19 20:40:42,faller,0.13
Hugo Ekitiké,8.8,-12455.172413793105,,2025-09-19 20:40:42,faller,0.12
Florian Wirtz,8.3,-10920.37617554859,,2025-09-19 20:40:42,faller,0.11
Ola Aina,4.9,-11375.548589341694,,2025-09-19 20:40:42,faller,0.11
Bruno Borges Fernandes,9.0,-8565.517241379312,,2025-09-19 20:40:42,faller,0.09
Brennan Johnson,7.1,-7730.407523510972,,2025-09-19 20:40:42,faller,0.08
Tijjani Reijnders,5.7,-6485.266457680252,,2025-09-19 20:40:42,faller,0.06
Anthony Elanga,7.0,-5638.871473354233,,2025-09-19 20:40:42,faller,0.06
Robert Lynch Sánchez,5.0,-5048.275862068966,,2025-09-19 20:40:42,faller,0.05
David Raya Martín,5.5,0.0,0.0,2025-09-19 20:53:08,riser,
Kepa Arrizabalaga Revuelta,4.4,0.0,0.0,2025-09-19 20:53:08,riser,
Karl Hein,4.0,0.0,0.0,2025-09-19 20:53:08,riser,
Tommy Setford,4.0,0.0,0.0,2025-09-19 20:53:08,riser,
Gabriel dos Santos Magalhães,6.1,0.0,0.0,2025-09-19 20:53:08,riser,
William Saliba,6.0,0.0,0.0,2025-09-19 20:53:08,riser,
Riccardo Calafiori,5.7,0.0,0.0,2025-09-19 20:53:08,riser,
Jurriën Timber,5.7,0.0,0.0,2025-09-19 20:53:08,riser,
Jakub Kiwior,5.4,0.0,0.0,2025-09-19 20:53:08,riser,
Myles Lewis-Skelly,5.3,0.0,0.0,2025-09-19 20:53:08,riser,
David Raya Martín,5.5,0.0,,2025-09-19 20:53:08,faller,-0.0
Kepa Arrizabalaga Revuelta,4.4,0.0,,2025-09-19 20:53:08,faller,-0.0
Karl Hein,4.0,0.0,,2025-09-19 20:53:08,faller,-0.0
Tommy Setford,4.0,0.0,,2025-09-19 20:53:08,faller,-0.0
Gabriel dos Santos Magalhães,6.1,0.0,,2025-09-19 20:53:08,faller,-0.0
William Saliba,6.0,0.0,,2025-09-19 20:53:08,faller,-0.0
Riccardo Calafiori,5.7,0.0,,2025-09-19 20:53:08,faller,-0.0
Jurriën Timber,5.7,0.0,,2025-09-19 20:53:08,faller,-0.0
Jakub Kiwior,5.4,0.0,,2025-09-19 20:53:08,faller,-0.0
Myles Lewis-Skelly,5.3,0.0,,2025-09-19 20:53:08,faller,-0.0
Antoine Semenyo,7.5,18117.073170731706,0.18,2025-09-19 21:19:46,riser,
Marc Guéhi,4.7,7866.41651031895,0.08,2025-09-19 21:19:46,riser,
Micky van de Ven,4.7,7573.733583489681,0.08,2025-09-19 21:19:46,riser,
Cole Palmer,10.4,7078.424015009381,0.07,2025-09-19 21:19:46,riser,
Marcos Senesi Barón,4.6,6448.030018761726,0.06,2025-09-19 21:19:46,riser,
Erling Haaland,14.2,5635.272045028143,0.06,2025-09-19 21:19:46,riser,
Xavi Simons,7.0,4536.585365853659,0.05,2025-09-19 21:19:46,riser,
Moisés Caicedo Corozo,5.6,4363.227016885554,0.04,2025-09-19 21:19:46,riser,
Virgil van Dijk,6.1,3784.6153846153848,0.04,2025-09-19 21:19:46,riser,
Alexander Isak,10.5,3793.621013133208,0.04,2025-09-19 21:19:46,riser,
Rayan Aït-Nouri,5.9,-7771.857410881801,,2025-09-19 21:19:46,faller,0.08
Aaron Wan-Bissaka,4.3,-7825.8911819887435,,2025-09-19 21:19:46,faller,0.08
Hugo Ekitiké,8.8,-6898.311444652908,,2025-09-19 21:19:46,faller,0.07
Ola Aina,4.9,-6639.399624765479,,2025-09-19 21:19:46,faller,0.07
Florian Wirtz,8.3,-6414.2589118198875,,2025-09-19 21:19:46,faller,0.06
Bruno Borges Fernandes,9.0,-5079.1744840525325,,2025-09-19 21:19:46,faller,0.05
Brennan Johnson,7.1,-4617.636022514072,,2025-09-19 21:19:46,faller,0.05
Tijjani Reijnders,5.7,-4165.103189493433,,2025-09-19 21:19:46,faller,0.04
Robert Lynch Sánchez,5.0,-2940.3377110694187,,2025-09-19 21:19:46,faller,0.03
Marc Cucurella Saseta,6.2,-2920.075046904315,,2025-09-19 21:19:46,faller,0.03
Antoine Semenyo,7.5,25958.22454308094,0.26,2025-09-19 21:38:56,riser,
Marc Guéhi,4.7,10630.809399477806,0.11,2025-09-19 21:38:56,riser,
Micky van de Ven,4.7,10568.146214099217,0.11,2025-09-19 21:38:56,riser,
Cole Palmer,10.4,9571.801566579636,0.1,2025-09-19 21:38:56,riser,
Marcos Senesi Barón,4.6,9123.759791122715,0.09,2025-09-19 21:38:56,riser,
Erling Haaland,14.2,7745.169712793734,0.08,2025-09-19 21:38:56,riser,
Moisés Caicedo Corozo,5.6,5924.804177545692,0.06,2025-09-19 21:38:56,riser,
Xavi Simons,7.0,6429.242819843343,0.06,2025-09-19 21:38:56,riser,
Virgil van Dijk,6.1,5382.7676240208875,0.05,2025-09-19 21:38:56,riser,
Alexander Isak,10.5,5360.835509138381,0.05,2025-09-19 21:38:56,riser,
Rayan Aït-Nouri,5.9,-10937.859007832898,,2025-09-19 21:38:56,faller,0.11
Aaron Wan-Bissaka,4.3,-10919.060052219322,,2025-09-19 21:38:56,faller,0.11
Hugo Ekitiké,8.8,-9731.59268929504,,2025-09-19 21:38:56,faller,0.1
Florian Wirtz,8.3,-9361.879895561358,,2025-09-19 21:38:56,faller,0.09
Ola Aina,4.9,-9302.349869451698,,2025-09-19 21:38:56,faller,0.09
Bruno Borges Fernandes,9.0,-7300.261096605745,,2025-09-19 21:38:56,faller,0.07
Brennan Johnson,7.1,-6802.088772845953,,2025-09-19 21:38:56,faller,0.07
Tijjani Reijnders,5.7,-5617.754569190601,,2025-09-19 21:38:56,faller,0.06
Anthony Elanga,7.0,-4690.339425587467,,2025-09-19 21:38:56,faller,0.05
Robert Lynch Sánchez,5.0,-4477.284595300262,,2025-09-19 21:38:56,faller,0.04
David Raya Martín,5.5,0.0,0.0,2025-09-19 21:53:20,riser,
Kepa Arrizabalaga Revuelta,4.4,0.0,0.0,2025-09-19 21:53:20,riser,
Karl Hein,4.0,0.0,0.0,2025-09-19 21:53:20,riser,
Tommy Setford,4.0,0.0,0.0,2025-09-19 21:53:20,riser,
Gabriel dos Santos Magalhães,6.1,0.0,0.0,2025-09-19 21:53:20,riser,
William Saliba,6.0,0.0,0.0,2025-09-19 21:53:20,riser,
Riccardo Calafiori,5.7,0.0,0.0,2025-09-19 21:53:20,riser,
Jurriën Timber,5.7,0.0,0.0,2025-09-19 21:53:20,riser,
Jakub Kiwior,5.4,0.0,0.0,2025-09-19 21:53:20,riser,
Myles Lewis-Skelly,5.3,0.0,0.0,2025-09-19 21:53:20,riser,
David Raya Martín,5.5,0.0,,2025-09-19 21:53:20,faller,-0.0
Kepa Arrizabalaga Revuelta,4.4,0.0,,2025-09-19 21:53:20,faller,-0.0
Karl Hein,4.0,0.0,,2025-09-19 21:53:20,faller,-0.0
Tommy Setford,4.0,0.0,,2025-09-19 21:53:20,faller,-0.0
Gabriel dos Santos Magalhães,6.1,0.0,,2025-09-19 21:53:20,faller,-0.0
William Saliba,6.0,0.0,,2025-09-19 21:53:20,faller,-0.0
Riccardo Calafiori,5.7,0.0,,2025-09-19 21:53:20,faller,-0.0
Jurriën Timber,5.7,0.0,,2025-09-19 21:53:20,faller,-0.0
Jakub Kiwior,5.4,0.0,,2025-09-19 21:53:20,faller,-0.0
Myles Lewis-Skelly,5.3,0.0,,2025-09-19 21:53:20,faller,-0.0
Antoine Semenyo,7.5,17248.733413751506,0.17,2025-09-19 22:20:58,riser,
Marc Guéhi,4.7,7069.72255729795,0.07,2025-09-19 22:20:58,riser,
Micky van de Ven,4.7,6759.227985524729,0.07,2025-09-19 22:20:58,riser,
Marcos Senesi Barón,4.6,6044.873341375151,0.06,2025-09-19 22:20:58,riser,
Cole Palmer,10.4,6368.395657418577,0.06,2025-09-19 22:20:58,riser,
Erling Haaland,14.2,4974.427020506634,0.05,2025-09-19 22:20:58,riser,
Moisés Caicedo Corozo,5.6,3899.6381182147165,0.04,2025-09-19 22:20:58,riser,
Virgil van Dijk,6.1,3510.977080820265,0.04,2025-09-19 22:20:58,riser,
Xavi Simons,7.0,4218.817852834741,0.04,2025-09-19 22:20:58,riser,
Jurriën Timber,5.7,2905.18697225573,0.03,2025-09-19 22:20:58,riser,
Rayan Aït-Nouri,5.9,-7258.624849215923,,2025-09-19 22:20:58,faller,0.07
Aaron Wan-Bissaka,4.3,-7004.583835946924,,2025-09-19 22:20:58,faller,0.07
Florian Wirtz,8.3,-6023.160434258142,,2025-09-19 22:20:58,faller,0.06
Hugo Ekitiké,8.8,-6448.733413751508,,2025-09-19 22:20:58,faller,0.06
Ola Aina,4.9,-5847.285886610374,,2025-09-19 22:20:58,faller,0.06
Bruno Borges Fernandes,9.0,-4574.909529553679,,2025-09-19 22:20:58,faller,0.05
Tijjani Reijnders,5.7,-3930.0361881785284,,2025-09-19 22:20:58,faller,0.04
Brennan Johnson,7.1,-4379.493365500603,,2025-09-19 22:20:58,faller,0.04
Robert Lynch Sánchez,5.0,-2903.015681544029,,2025-09-19 22:20:58,faller,0.03
Marc Cucurella Saseta,6.2,-2876.9601930036188,,2025-09-19 22:20:58,faller,0.03
